co_ibge,populacao
110001,22787.0
110002,109170.0
110003,5664.0
110004,98280.0
110005,16966.0
110006,16508.0
110007,7968.0
110008,13510.0
110009,32842.0
110010,43594.0
110011,55682.0
110012,140101.0
110013,34149.0
110014,16374.0
110015,38684.0
110018,39220.0
110020,517709.0
110025,20443.0
110026,3767.0
110028,62959.0
110029,7837.0
110030,109651.0
110032,22305.0
110033,28701.0
110034,13720.0
110037,12237.0
110040,17467.0
110045,30649.0
110050,7972.0
110060,4292.0
110070,9095.0
110080,24313.0
110090,3450.0
110092,10191.0
110094,15877.0
110100,8340.0
110110,9228.0
110120,6519.0
110130,9657.0
110140,12168.0
110143,6541.0
110145,4372.0
110146,2309.0
110147,3268.0
110148,5588.0
110149,17557.0
110150,12965.0
110155,4521.0
110160,8459.0
110170,11314.0
110175,8220.0
110180,6790.0
120001,14712.0
120005,8648.0
120010,28028.0
120013,13928.0
120017,10981.0
120020,98916.0
120025,19874.0
120030,37764.0
120032,9884.0
120033,20479.0
120034,12923.0
120035,18057.0
120038,17107.0
120039,11333.0
120040,389001.0
120042,15560.0
120043,7217.0
120045,22402.0
120050,44049.0
120060,46816.0
120070,19170.0
120080,17523.0
130002,16806.0
130006,11533.0
130008,9981.0
130010,18056.0
130014,21781.0
130020,15889.0
130030,45960.0
130040,18210.0
130050,33722.0
130060,40908.0
130063,22495.0
130068,26479.0
130070,38792.0
130080,34869.0
130083,14806.0
130090,18109.0
130100,31130.0
130110,32336.0
130115,20324.0
130120,73576.0
130130,24572.0
130140,35793.0
130150,17985.0
130160,28227.0
130165,14344.0
130170,63454.0
130180,25629.0
130185,68862.0
130190,113917.0
130195,11956.0
130200,10955.0
130210,9420.0
130220,11093.0
130230,28202.0
130240,49469.0
130250,111751.0
130255,16211.0
130260,2303732.0
130270,58018.0
130280,15815.0
130290,66336.0
130300,21251.0
130310,28123.0
130320,16562.0
130330,25325.0
130340,101855.0
130350,20229.0
130353,33291.0
130356,25364.0
130360,13947.0
130370,30679.0
130380,57396.0
130390,35442.0
130395,12338.0
130400,12619.0
130406,73348.0
130410,20728.0
130420,80137.0
130423,20257.0
130426,15640.0
130430,19617.0
130440,25965.0
140002,16112.0
140005,23589.0
140010,485477.0
140015,15570.0
140017,21102.0
140020,22750.0
140023,12004.0
140028,10937.0
140030,20006.0
140040,16323.0
140045,23112.0
140047,37787.0
140050,9969.0
140060,7848.0
140070,16186.0
150010,172344.0
150013,6275.0
150020,63110.0
150030,40473.0
150034,17596.0
150040,75882.0
150050,36442.0
150060,138749.0
150070,30247.0
150080,509227.0
150085,35638.0
150090,47912.0
150095,24193.0
150100,19380.0
150110,35147.0
150120,56850.0
150125,4290.0
150130,139076.0
150140,1397315.0
150145,19075.0
150150,68962.0
150157,19129.0
150160,12961.0
150170,132489.0
150172,27130.0
150175,6966.0
150178,47066.0
150180,116058.0
150190,25065.0
150195,19223.0
150200,25467.0
150210,144859.0
150215,89524.0
150220,75309.0
150230,60318.0
150240,209126.0
150250,21501.0
150260,13625.0
150270,47144.0
150275,28270.0
150276,15150.0
150277,20975.0
150280,36814.0
150285,14954.0
150290,44880.0
150293,62823.0
150295,29287.0
150300,9167.0
150304,18595.0
150307,25558.0
150309,26703.0
150310,34137.0
150320,37925.0
150330,69446.0
150340,10784.0
150345,29264.0
150350,32740.0
150360,135369.0
150370,52201.0
150375,26579.0
150380,37726.0
150390,54255.0
150400,32088.0
150405,37473.0
150410,8439.0
150420,290975.0
150430,27129.0
150440,28159.0
150442,119437.0
150445,28677.0
150450,30080.0
150460,28903.0
150470,91760.0
150475,25818.0
150480,64002.0
150490,49648.0
150495,21304.0
150497,14400.0
150500,13175.0
150503,37054.0
150506,63796.0
150510,55527.0
150520,36734.0
150530,72889.0
150540,18783.0
150543,35252.0
150548,43741.0
150549,7063.0
150550,113498.0
150553,305771.0
150555,7354.0
150560,8686.0
150563,13366.0
150565,18510.0
150570,25736.0
150580,67580.0
150590,44121.0
150600,38733.0
150610,11379.0
150611,11838.0
150613,92694.0
150616,19190.0
150618,57031.0
150619,37198.0
150620,48663.0
150630,25687.0
150635,22530.0
150640,7626.0
150650,79195.0
150655,21295.0
150658,17065.0
150660,25815.0
150670,30455.0
150680,360871.0
150690,6355.0
150700,29234.0
150710,17258.0
150715,21555.0
150720,32554.0
150730,64651.0
150740,15429.0
150745,24929.0
150746,4470.0
150747,21477.0
150750,14293.0
150760,55970.0
150770,27651.0
150775,6212.0
150780,24989.0
150790,25315.0
150795,75290.0
150796,10837.0
150797,19792.0
150800,73058.0
150803,30494.0
150805,15550.0
150808,42883.0
150810,96119.0
150812,39360.0
150815,45962.0
150820,54062.0
150830,62189.0
150835,16552.0
150840,57768.0
160005,5003.0
160010,8440.0
160015,13888.0
160020,11461.0
160021,4723.0
160023,7184.0
160025,6097.0
160027,37872.0
160030,489676.0
160040,23773.0
160050,30786.0
160053,19048.0
160055,4048.0
160060,118803.0
160070,13816.0
160080,11899.0
170025,2682.0
170030,4502.0
170035,5196.0
170040,6483.0
170070,9128.0
170100,10700.0
170105,2903.0
170110,5110.0
170130,5330.0
170190,6022.0
170200,8242.0
170210,183024.0
170215,4300.0
170220,33286.0
170230,5488.0
170240,10511.0
170255,18237.0
170270,3418.0
170290,10732.0
170300,7636.0
170305,3555.0
170307,4667.0
170310,4890.0
170320,4307.0
170330,4201.0
170360,2013.0
170370,4774.0
170380,10696.0
170382,1982.0
170384,8990.0
170386,4166.0
170388,2242.0
170389,3344.0
170390,5028.0
170410,2111.0
170460,1574.0
170510,3176.0
170550,36209.0
170555,4906.0
170560,3942.0
170600,5540.0
170610,6392.0
170625,1494.0
170650,6093.0
170700,17966.0
170710,7343.0
170720,6352.0
170730,4304.0
170740,7385.0
170755,3503.0
170765,5334.0
170770,7784.0
170820,19473.0
170825,3741.0
170830,4832.0
170900,12851.0
170930,25831.0
170950,90209.0
170980,1626.0
171050,6959.0
171070,5160.0
171090,3685.0
171110,2464.0
171150,3396.0
171180,2308.0
171190,16629.0
171195,3613.0
171200,3559.0
171215,1676.0
171240,2950.0
171245,2811.0
171250,4793.0
171270,2922.0
171280,3171.0
171320,18679.0
171330,13073.0
171360,5667.0
171370,2521.0
171380,4850.0
171395,3501.0
171420,8956.0
171430,4672.0
171488,10600.0
171500,3382.0
171510,4118.0
171515,1817.0
171525,2251.0
171550,1220.0
171570,4905.0
171575,7104.0
171610,55704.0
171620,10877.0
171630,4057.0
171650,14895.0
171660,9384.0
171665,5035.0
171670,9155.0
171700,4599.0
171720,2229.0
171750,7408.0
171780,4280.0
171790,7874.0
171800,2960.0
171820,69551.0
171830,9552.0
171840,3016.0
171845,2223.0
171850,3454.0
171855,4029.0
171865,1827.0
171870,2845.0
171875,4718.0
171880,4397.0
171884,3900.0
171886,7533.0
171888,2716.0
171889,2299.0
171890,4799.0
171900,2907.0
172000,2461.0
172010,6004.0
172015,1897.0
172020,14116.0
172025,2356.0
172030,4182.0
172049,4554.0
172065,5259.0
172080,11446.0
172085,1591.0
172090,14199.0
172093,2092.0
172097,2505.0
172100,328499.0
172110,7802.0
172120,23225.0
172125,2024.0
172130,1886.0
172208,10734.0
172210,10636.0
210005,110611.0
210010,6303.0
210015,12461.0
210020,18721.0
210030,23776.0
210040,6549.0
210043,24528.0
210047,26321.0
210050,11392.0
210055,7380.0
210060,38335.0
210070,26250.0
210080,14113.0
210083,18033.0
210087,11297.0
210090,40231.0
210095,26089.0
210100,30555.0
210110,12091.0
210120,107755.0
210125,17459.0
210130,16591.0
210135,5375.0
210140,105974.0
210150,19493.0
210160,87757.0
210170,68234.0
210173,8751.0
210177,12104.0
210180,5599.0
210190,19968.0
210193,5989.0
210197,7781.0
210200,33936.0
210203,29606.0
210207,12371.0
210210,35354.0
210215,9363.0
210220,30866.0
210230,22938.0
210232,56733.0
210235,13125.0
210237,10032.0
210240,10336.0
210250,16680.0
210255,12536.0
210260,20440.0
210270,25059.0
210275,11681.0
210280,24619.0
210290,24906.0
210300,163546.0
210310,10446.0
210312,7220.0
210315,12693.0
210317,16477.0
210320,84395.0
210325,13141.0
210330,118283.0
210340,42841.0
210350,41788.0
210355,15278.0
210360,61337.0
210370,32602.0
210375,14828.0
210380,23594.0
210390,10443.0
210400,18734.0
210405,34321.0
210407,8237.0
210408,11219.0
210409,18150.0
210410,12963.0
210420,17347.0
210430,10424.0
210440,17580.0
210450,10476.0
210455,18963.0
210460,14264.0
210462,7216.0
210465,10993.0
210467,23526.0
210470,6160.0
210480,76837.0
210490,10439.0
210500,26550.0
210510,25332.0
210515,14383.0
210520,10461.0
210530,285806.0
210535,14142.0
210540,62264.0
210542,22896.0
210545,7593.0
210547,17529.0
210550,25311.0
210560,15227.0
210565,5282.0
210570,45865.0
210580,9687.0
210590,15069.0
210592,10806.0
210594,8962.0
210596,11731.0
210598,7232.0
210600,11559.0
210610,11884.0
210620,7366.0
210630,13933.0
210632,21730.0
210635,7153.0
210637,14092.0
210640,17581.0
210650,22540.0
210660,33327.0
210663,18021.0
210667,9065.0
210670,21536.0
210675,24373.0
210680,14298.0
210690,28563.0
210700,9306.0
210710,19015.0
210720,14589.0
210725,5148.0
210730,4409.0
210735,14379.0
210740,18288.0
210745,13921.0
210750,153158.0
210760,21657.0
210770,18589.0
210780,32232.0
210790,17591.0
210800,19266.0
210805,17578.0
210810,20798.0
210820,38252.0
210825,24955.0
210830,33496.0
210840,11229.0
210845,20903.0
210850,32542.0
210860,88091.0
210870,22374.0
210880,18132.0
210890,17394.0
210900,24571.0
210905,6092.0
210910,46606.0
210920,11616.0
210923,4717.0
210927,17925.0
210930,10791.0
210940,13920.0
210945,32156.0
210950,22740.0
210955,7601.0
210960,39761.0
210970,6234.0
210975,6833.0
210980,43200.0
210990,88249.0
211000,58839.0
211003,24890.0
211010,24495.0
211020,38542.0
211023,10759.0
211027,14287.0
211030,14628.0
211040,18810.0
211050,48166.0
211060,27910.0
211065,8236.0
211070,35247.0
211080,4491.0
211085,9202.0
211090,12360.0
211100,18889.0
211102,12360.0
211105,10091.0
211107,17253.0
211110,25910.0
211120,259164.0
211125,7094.0
211130,1089215.0
211140,18123.0
211150,40177.0
211153,14786.0
211157,5993.0
211160,19158.0
211163,5761.0
211167,4577.0
211170,19865.0
211172,8821.0
211174,10447.0
211176,15044.0
211178,10475.0
211180,17464.0
211190,10471.0
211195,5081.0
211200,9130.0
211210,27328.0
211220,182711.0
211223,23097.0
211227,5633.0
211230,37364.0
211240,38993.0
211245,33219.0
211250,55076.0
211260,34143.0
211270,44444.0
211280,53176.0
211285,10561.0
211290,31859.0
211300,31920.0
211400,41815.0
220005,6323.0
220010,5016.0
220020,18095.0
220025,6876.0
220027,4707.0
220030,13729.0
220040,50094.0
220045,5474.0
220050,17594.0
220060,6991.0
220070,9649.0
220080,3234.0
220090,5413.0
220095,2777.0
220100,4517.0
220105,7596.0
220110,11118.0
220115,13983.0
220117,4099.0
220120,49703.0
220130,3336.0
220140,6731.0
220150,27129.0
220155,4225.0
220157,3515.0
220160,10093.0
220170,5715.0
220173,6596.0
220177,7140.0
220180,4118.0
220190,30658.0
220191,5805.0
220192,6117.0
220194,6751.0
220196,8684.0
220198,3964.0
220200,20130.0
220202,7517.0
220205,10466.0
220207,3135.0
220208,8246.0
220209,5602.0
220210,4964.0
220211,4698.0
220213,6211.0
220217,7669.0
220220,47119.0
220225,3404.0
220230,19639.0
220240,11362.0
220245,4071.0
220250,10546.0
220253,5581.0
220255,5176.0
220260,19669.0
220265,5682.0
220270,29302.0
220271,5046.0
220272,6596.0
220273,4249.0
220275,6294.0
220277,7067.0
220280,5078.0
220285,4291.0
220290,28381.0
220300,7431.0
220310,10801.0
220320,11581.0
220323,4977.0
220325,4555.0
220327,5191.0
220330,17139.0
220335,7259.0
220340,6410.0
220342,4129.0
220345,9332.0
220350,13743.0
220360,4421.0
220370,42710.0
220375,5426.0
220380,4512.0
220385,2354.0
220390,64393.0
220400,4481.0
220410,4548.0
220415,2985.0
220420,8349.0
220430,10344.0
220435,5604.0
220440,11193.0
220450,10480.0
220455,4344.0
220460,3550.0
220465,9522.0
220470,15268.0
220480,9627.0
220490,7867.0
220500,10969.0
220510,10477.0
220515,5711.0
220520,17789.0
220525,4235.0
220527,4560.0
220530,4606.0
220535,3033.0
220540,14265.0
220545,5552.0
220550,44689.0
220551,5308.0
220552,5501.0
220553,4501.0
220554,3044.0
220555,8464.0
220556,5171.0
220557,6446.0
220558,5017.0
220559,4559.0
220560,5309.0
220570,31901.0
220580,26143.0
220585,8231.0
220590,5315.0
220595,8822.0
220600,4863.0
220605,5165.0
220610,10886.0
220620,33074.0
220630,1355.0
220635,6681.0
220640,10513.0
220650,7762.0
220660,10928.0
220665,4456.0
220667,6548.0
220669,10210.0
220670,6697.0
220672,10821.0
220675,5442.0
220680,8751.0
220690,6158.0
220695,2888.0
220700,39687.0
220710,2730.0
220720,6468.0
220730,4176.0
220735,3032.0
220740,5047.0
220750,13458.0
220755,3873.0
220760,10282.0
220770,170491.0
220775,4222.0
220777,5427.0
220779,3979.0
220780,21633.0
220785,3697.0
220790,39072.0
220793,2517.0
220795,4142.0
220800,86701.0
220810,11487.0
220820,17948.0
220830,29721.0
220840,67887.0
220850,12323.0
220855,2382.0
220860,3096.0
220865,8948.0
220870,8565.0
220880,17400.0
220885,4238.0
220887,4105.0
220890,6182.0
220900,5845.0
220910,5872.0
220915,3448.0
220920,6210.0
220930,5418.0
220935,4159.0
220937,4666.0
220940,5930.0
220945,2169.0
220950,3682.0
220955,4454.0
220960,2879.0
220965,5713.0
220970,5358.0
220975,3026.0
220980,4985.0
220985,4359.0
220987,5608.0
220990,6232.0
220995,4430.0
220997,8494.0
221000,22137.0
221005,5317.0
221010,3300.0
221020,6733.0
221030,6131.0
221035,4497.0
221037,2277.0
221038,2299.0
221039,2864.0
221040,17911.0
221050,14055.0
221060,41139.0
221062,3210.0
221063,4590.0
221065,9623.0
221070,14664.0
221080,14437.0
221090,4165.0
221093,6346.0
221095,3040.0
221097,2319.0
221100,905692.0
221110,47896.0
221120,26779.0
221130,23025.0
221135,5181.0
221140,4520.0
221150,3282.0
221160,2972.0
221170,4195.0
230010,10269.0
230015,14340.0
230020,69317.0
230030,45937.0
230040,14115.0
230050,11795.0
230060,6974.0
230070,14372.0
230075,44584.0
230080,7507.0
230090,13193.0
230100,85316.0
230110,79205.0
230120,26752.0
230125,11532.0
230130,20194.0
230140,11427.0
230150,7615.0
230160,22195.0
230170,24244.0
230180,5821.0
230185,17667.0
230190,81441.0
230195,23474.0
230200,19569.0
230205,14998.0
230210,37147.0
230220,55977.0
230230,34613.0
230240,52133.0
230250,54192.0
230260,65251.0
230270,26049.0
230280,77376.0
230290,17795.0
230300,16234.0
230310,18074.0
230320,27532.0
230330,17277.0
230340,17815.0
230350,76866.0
230360,9110.0
230365,10864.0
230370,378406.0
230380,22564.0
230390,12811.0
230393,12352.0
230395,20808.0
230400,21417.0
230410,80130.0
230420,139027.0
230423,18050.0
230425,32288.0
230426,9173.0
230427,6381.0
230428,82016.0
230430,18498.0
230435,25298.0
230440,2578483.0
230445,18213.0
230450,16516.0
230460,6929.0
230465,14176.0
230470,55809.0
230480,4955.0
230490,11369.0
230495,25158.0
230500,44565.0
230510,5826.0
230520,18186.0
230523,81161.0
230526,12149.0
230530,24689.0
230533,12008.0
230535,22562.0
230540,64745.0
230550,102588.0
230560,24463.0
230565,11963.0
230570,12459.0
230580,43084.0
230590,38287.0
230600,14440.0
230610,24867.0
230620,7801.0
230625,72512.0
230630,49073.0
230640,138978.0
230650,18197.0
230655,45852.0
230660,21160.0
230670,17604.0
230680,10668.0
230690,35143.0
230700,33115.0
230710,28801.0
230720,8114.0
230725,28198.0
230730,305531.0
230740,24624.0
230750,32163.0
230760,62623.0
230763,17235.0
230765,251613.0
230770,108622.0
230780,27177.0
230790,11280.0
230800,39840.0
230810,47501.0
230820,15853.0
230830,26819.0
230835,14713.0
230837,14826.0
230840,38997.0
230850,38451.0
230860,17705.0
230870,65390.0
230880,8537.0
230890,23747.0
230900,13999.0
230910,11064.0
230920,16045.0
230930,32053.0
230940,29097.0
230945,25272.0
230950,19943.0
230960,75454.0
230970,86564.0
230980,11421.0
230990,6348.0
231000,9709.0
231010,10252.0
231020,41894.0
231025,34086.0
231030,32867.0
231040,10462.0
231050,42227.0
231060,9357.0
231070,39903.0
231080,15858.0
231085,24919.0
231090,17285.0
231095,10984.0
231100,12441.0
231110,17877.0
231120,8854.0
231123,6128.0
231126,20545.0
231130,88846.0
231135,16998.0
231140,86431.0
231150,21659.0
231160,28382.0
231170,19051.0
231180,74834.0
231190,13943.0
231195,17303.0
231200,32133.0
231210,17391.0
231220,41569.0
231230,50058.0
231240,58191.0
231250,5683.0
231260,10888.0
231270,25108.0
231280,7551.0
231290,216519.0
231300,18785.0
231310,32122.0
231320,25287.0
231325,7574.0
231330,64655.0
231335,17646.0
231340,86968.0
231350,62004.0
231355,15524.0
231360,34424.0
231370,6963.0
231375,17751.0
231380,21331.0
231390,14308.0
231395,18708.0
231400,40878.0
231410,62972.0
240010,10855.0
240020,59099.0
240030,11158.0
240040,3029.0
240050,14058.0
240060,4802.0
240070,12874.0
240080,11985.0
240090,6730.0
240100,37486.0
240110,24607.0
240120,13681.0
240130,10071.0
240140,9115.0
240145,28415.0
240150,4108.0
240160,4911.0
240165,2360.0
240170,10308.0
240180,12638.0
240185,6479.0
240190,3360.0
240200,63338.0
240210,10510.0
240220,30789.0
240230,20182.0
240240,8296.0
240250,10026.0
240260,83543.0
240270,11334.0
240280,5233.0
240290,4297.0
240300,8245.0
240310,42922.0
240320,7262.0
240325,271713.0
240330,6289.0
240340,5461.0
240350,10951.0
240360,68584.0
240370,6472.0
240375,3035.0
240380,10556.0
240390,2758.0
240400,4230.0
240410,2159.0
240420,28422.0
240430,12231.0
240440,10281.0
240450,16076.0
240460,11889.0
240470,14560.0
240480,2090.0
240485,7551.0
240490,5447.0
240500,8053.0
240510,6752.0
240520,4813.0
240530,8843.0
240540,5219.0
240550,2488.0
240560,14446.0
240570,11942.0
240580,34849.0
240590,2073.0
240600,5966.0
240610,18304.0
240615,3868.0
240620,6756.0
240630,7597.0
240640,2631.0
240650,16203.0
240660,8657.0
240670,10094.0
240680,4950.0
240690,3576.0
240700,9271.0
240710,87056.0
240720,28350.0
240725,4086.0
240730,8083.0
240740,8415.0
240750,10534.0
240760,4410.0
240770,11785.0
240780,23953.0
240790,2345.0
240800,278587.0
240810,784249.0
240820,34325.0
240830,35523.0
240840,3736.0
240850,5084.0
240860,4048.0
240870,3650.0
240880,4945.0
240890,22242.0
240895,10692.0
240910,11407.0
240920,3233.0
240930,11215.0
240933,5000.0
240940,32123.0
240950,3736.0
240960,2495.0
240970,6312.0
240980,14197.0
240990,12499.0
241000,2992.0
241010,12565.0
241020,7859.0
241025,5351.0
241030,11203.0
241040,9752.0
241050,5682.0
241060,3005.0
241070,2724.0
241080,4245.0
241090,7646.0
241100,4345.0
241105,5748.0
241110,3253.0
241120,39101.0
241140,12722.0
241142,2796.0
241150,22793.0
241160,3442.0
241170,3890.0
241180,3606.0
241190,4319.0
241200,124495.0
241210,6136.0
241220,50053.0
241230,11298.0
241240,4733.0
241250,24422.0
241255,10636.0
241260,17371.0
241270,5890.0
241280,7889.0
241290,10161.0
241300,6530.0
241310,6027.0
241320,4202.0
241330,5866.0
241335,13819.0
241340,7800.0
241350,6608.0
241355,4810.0
241360,5616.0
241370,4746.0
241380,2409.0
241390,11708.0
241400,13583.0
241410,10610.0
241415,6152.0
241420,18080.0
241430,2424.0
241440,34767.0
241445,3477.0
241450,10655.0
241460,14048.0
241470,5387.0
241475,3005.0
241480,11053.0
241490,1900.0
241500,3304.0
250010,9580.0
250020,5026.0
250030,26655.0
250040,21823.0
250050,14140.0
250053,5806.0
250057,3143.0
250060,23065.0
250070,18500.0
250073,2328.0
250077,8257.0
250080,16991.0
250090,12482.0
250100,17360.0
250110,23031.0
250115,2027.0
250120,7434.0
250130,19142.0
250135,4383.0
250140,9741.0
250150,24134.0
250153,5010.0
250157,8247.0
250160,13024.0
250170,6123.0
250180,83862.0
250190,16710.0
250200,6272.0
250205,3677.0
250210,5246.0
250215,6592.0
250220,2328.0
250230,4720.0
250240,10433.0
250250,18216.0
250260,5719.0
250270,4185.0
250280,14095.0
250290,5816.0
250300,21942.0
250310,5537.0
250320,70734.0
250330,9335.0
250340,3344.0
250350,16332.0
250355,7513.0
250360,6684.0
250370,66585.0
250375,2760.0
250380,5942.0
250390,6327.0
250400,443911.0
250403,7446.0
250407,4067.0
250410,2365.0
250415,7052.0
250420,4556.0
250430,32288.0
250435,5544.0
250440,18731.0
250450,6629.0
250460,30007.0
250470,5124.0
250480,14987.0
250485,1888.0
250490,17821.0
250500,7842.0
250510,20208.0
250520,6890.0
250523,6441.0
250527,5415.0
250530,2316.0
250535,5141.0
250540,8314.0
250550,3772.0
250560,6416.0
250570,10638.0
250580,3360.0
250590,3036.0
250600,32599.0
250610,11307.0
250620,2911.0
250625,8398.0
250630,60057.0
250640,14141.0
250650,3352.0
250660,5713.0
250670,10497.0
250680,18234.0
250690,23558.0
250700,24766.0
250710,19165.0
250720,10840.0
250730,14969.0
250740,7728.0
250750,897633.0
250760,8088.0
250770,17520.0
250780,7019.0
250790,10255.0
250800,9380.0
250810,4489.0
250820,8123.0
250830,29209.0
250840,3316.0
250850,7041.0
250855,5107.0
250860,13088.0
250870,3599.0
250880,6288.0
250890,46966.0
250900,10699.0
250905,9537.0
250910,22170.0
250915,7001.0
250920,14756.0
250930,8650.0
250933,4759.0
250937,2584.0
250939,6717.0
250940,14435.0
250950,6144.0
250960,4429.0
250970,33886.0
250980,8909.0
250990,8935.0
251000,7394.0
251010,9840.0
251020,5897.0
251030,4359.0
251040,6059.0
251050,3675.0
251060,3000.0
251065,1745.0
251070,2580.0
251080,108104.0
251090,12172.0
251100,3851.0
251110,6980.0
251120,31356.0
251130,17088.0
251140,18862.0
251150,12889.0
251160,6974.0
251170,5539.0
251180,9411.0
251190,17166.0
251200,18038.0
251203,3934.0
251207,4126.0
251210,33866.0
251220,4032.0
251230,21674.0
251240,14942.0
251250,50698.0
251260,1803.0
251270,18399.0
251272,5932.0
251274,2945.0
251275,4911.0
251276,4989.0
251278,2063.0
251280,8788.0
251290,25500.0
251300,3435.0
251310,11741.0
251315,8113.0
251320,6013.0
251330,6023.0
251335,3256.0
251340,15418.0
251350,5090.0
251360,6618.0
251365,2607.0
251370,160852.0
251380,4492.0
251385,2708.0
251390,33845.0
251392,4490.0
251394,2688.0
251396,2624.0
251398,3176.0
251400,4345.0
251410,4359.0
251420,7251.0
251430,4966.0
251440,4056.0
251445,6137.0
251450,19561.0
251455,3323.0
251460,3337.0
251465,1750.0
251470,4283.0
251480,3462.0
251490,7629.0
251500,7307.0
251510,11387.0
251520,3382.0
251530,53457.0
251540,10652.0
251550,14131.0
251560,3156.0
251570,3056.0
251580,6975.0
251590,4754.0
251593,5332.0
251597,8646.0
251600,27748.0
251610,14409.0
251615,3476.0
251620,70066.0
251630,17852.0
251640,7794.0
251650,14358.0
251660,14473.0
251670,15129.0
251675,3082.0
251680,10315.0
251690,15431.0
251700,9274.0
251710,2777.0
251720,4967.0
251740,2323.0
260005,104248.0
260010,42672.0
260020,19409.0
260030,24680.0
260040,26981.0
260050,43822.0
260060,14460.0
260070,37349.0
260080,21134.0
260090,18335.0
260100,10591.0
260105,19996.0
260110,90504.0
260120,82487.0
260130,12601.0
260140,42083.0
260150,10798.0
260160,18648.0
260170,84033.0
260180,11961.0
260190,65007.0
260200,36145.0
260210,46202.0
260220,39289.0
260230,39212.0
260240,9417.0
260250,8033.0
260260,51308.0
260270,13276.0
260280,53489.0
260290,218049.0
260300,31762.0
260310,20673.0
260320,30571.0
260330,11453.0
260340,5354.0
260345,156112.0
260350,18018.0
260360,7962.0
260370,25103.0
260380,18854.0
260390,19533.0
260392,12712.0
260400,83482.0
260410,405408.0
260415,13468.0
260420,33086.0
260430,10843.0
260440,13496.0
260450,21258.0
260460,25416.0
260470,17670.0
260480,10426.0
260490,16215.0
260500,24343.0
260510,39609.0
260515,17850.0
260520,62174.0
260530,33486.0
260540,22222.0
260545,3341.0
260550,15955.0
260560,20776.0
260570,31702.0
260580,14055.0
260590,17583.0
260600,151803.0
260610,30420.0
260620,85497.0
260630,7217.0
260640,92429.0
260650,17570.0
260660,28825.0
260670,7334.0
260680,123017.0
260690,11347.0
260700,27758.0
260710,4975.0
260720,106539.0
260730,30720.0
260740,4491.0
260750,33995.0
260760,25658.0
260765,36652.0
260770,14236.0
260775,29669.0
260780,17142.0
260790,684293.0
260795,10440.0
260800,16328.0
260805,14477.0
260810,28842.0
260820,13416.0
260825,12023.0
260830,16022.0
260840,14002.0
260845,18804.0
260850,19863.0
260860,12367.0
260870,14333.0
260875,24951.0
260880,41960.0
260890,59236.0
260900,24642.0
260910,11387.0
260915,27046.0
260920,9322.0
260930,14605.0
260940,57654.0
260950,32187.0
260960,364717.0
260970,22412.0
260980,14129.0
260990,68489.0
261000,56475.0
261010,7104.0
261020,23337.0
261030,12778.0
261040,18960.0
261050,29744.0
261060,59924.0
261070,365144.0
261080,23671.0
261090,65481.0
261100,36104.0
261110,418444.0
261120,10792.0
261130,26942.0
261140,14380.0
261150,17731.0
261153,6753.0
261160,1588376.0
261170,21490.0
261180,33843.0
261190,20388.0
261200,11213.0
261210,5478.0
261220,65946.0
261230,14125.0
261240,18812.0
261245,14342.0
261247,11934.0
261250,104854.0
261255,12360.0
261260,42782.0
261270,14586.0
261280,10487.0
261290,13456.0
261300,51165.0
261310,39243.0
261320,24895.0
261330,20438.0
261340,19511.0
261350,36890.0
261360,32508.0
261370,118258.0
261380,17177.0
261390,98816.0
261400,18764.0
261410,34271.0
261420,39171.0
261430,10839.0
261440,5386.0
261450,67821.0
261460,29180.0
261470,14330.0
261480,24898.0
261485,24670.0
261500,25511.0
261510,6853.0
261520,9231.0
261530,47312.0
261540,43921.0
261550,14439.0
261560,32257.0
261570,15141.0
261580,28141.0
261590,8261.0
261600,17563.0
261610,9483.0
261618,7776.0
261620,23127.0
261630,27151.0
261640,144243.0
261650,11699.0
270010,19550.0
270020,14167.0
270030,243906.0
270040,38480.0
270050,16756.0
270060,8123.0
270070,17103.0
270080,4819.0
270090,5895.0
270100,21479.0
270110,9779.0
270120,10705.0
270130,16572.0
270135,6808.0
270140,32558.0
270150,8285.0
270160,15730.0
270170,15051.0
270180,9206.0
270190,6000.0
270200,11036.0
270210,15915.0
270220,5701.0
270230,51784.0
270235,26144.0
270240,52845.0
270250,9898.0
270255,15688.0
270260,23204.0
270270,4035.0
270280,9745.0
270290,37337.0
270300,13982.0
270310,24445.0
270320,22113.0
270330,15396.0
270340,5180.0
270350,5419.0
270360,9457.0
270370,5069.0
270375,9607.0
270380,17342.0
270390,4175.0
270400,24382.0
270410,18836.0
270420,25184.0
270430,994952.0
270440,17828.0
270450,33269.0
270460,9709.0
270470,62477.0
270480,13970.0
270490,3208.0
270500,22126.0
270510,24331.0
270520,15706.0
270530,4935.0
270540,7344.0
270550,25926.0
270560,10285.0
270570,21135.0
270580,8522.0
270590,4381.0
270600,11047.0
270610,11706.0
270620,4408.0
270630,73621.0
270640,24291.0
270642,10807.0
270644,14199.0
270650,14070.0
270660,6691.0
270670,60185.0
270680,16192.0
270690,36525.0
270700,2786.0
270710,23053.0
270720,12965.0
270730,24509.0
270740,9517.0
270750,20273.0
270760,11303.0
270770,97658.0
270780,6606.0
270790,7066.0
270800,47418.0
270810,11572.0
270820,6557.0
270830,21180.0
270840,31569.0
270850,31785.0
270860,53380.0
270870,8700.0
270880,32707.0
270890,25105.0
270895,12545.0
270900,5906.0
270910,19428.0
270915,39143.0
270920,24106.0
270930,60860.0
270940,24414.0
280010,2202.0
280020,20556.0
280030,630932.0
280040,10464.0
280050,18626.0
280060,45175.0
280067,25007.0
280070,8025.0
280100,18719.0
280110,3850.0
280120,33641.0
280130,32783.0
280140,20314.0
280150,14203.0
280160,5474.0
280170,17594.0
280190,3872.0
280200,4436.0
280210,67060.0
280220,6358.0
280230,14921.0
280240,11294.0
280250,3118.0
280260,5910.0
280270,8499.0
280280,16991.0
280290,109250.0
280300,42230.0
280310,4816.0
280320,36074.0
280330,16451.0
280340,13723.0
280350,105957.0
280360,24047.0
280370,7048.0
280380,3674.0
280390,11712.0
280400,15956.0
280410,11297.0
280420,14781.0
280430,8059.0
280440,16473.0
280445,9534.0
280450,43686.0
280460,25569.0
280470,6409.0
280480,204081.0
280490,12690.0
280500,2811.0
280510,7355.0
280520,5759.0
280530,8021.0
280540,29238.0
280550,22217.0
280560,27348.0
280570,27213.0
280580,18541.0
280590,8853.0
280600,17365.0
280610,9507.0
280620,20825.0
280630,14003.0
280640,7549.0
280650,4049.0
280660,11289.0
280670,101213.0
280680,10559.0
280690,3330.0
280700,3471.0
280710,44503.0
280720,7981.0
280730,3389.0
280740,52783.0
280750,12094.0
280760,24618.0
290010,7407.0
290020,18269.0
290030,14200.0
290035,14510.0
290040,14833.0
290050,10947.0
290060,4583.0
290070,161196.0
290080,25601.0
290090,5296.0
290100,38585.0
290110,24830.0
290115,15572.0
290120,26745.0
290130,13545.0
290135,15491.0
290140,14178.0
290150,11490.0
290160,14984.0
290170,11498.0
290180,11248.0
290190,16361.0
290195,7101.0
290200,14440.0
290205,11953.0
290210,50308.0
290220,10106.0
290225,10433.0
290230,8993.0
290240,11339.0
290250,14138.0
290260,18628.0
290265,12288.0
290270,53642.0
290280,27743.0
290290,38581.0
290300,14376.0
290310,5898.0
290320,171634.0
290323,13922.0
290327,15780.0
290330,5936.0
290340,20527.0
290350,19074.0
290360,15603.0
290370,14008.0
290380,17262.0
290390,68866.0
290395,10018.0
290400,14125.0
290405,16425.0
290410,19782.0
290420,11427.0
290430,13224.0
290440,9363.0
290450,12180.0
290460,74368.0
290470,14950.0
290475,20221.0
290480,6128.0
290485,17024.0
290490,30498.0
290500,23293.0
290510,10733.0
290515,11432.0
290520,54730.0
290530,18057.0
290540,18578.0
290550,13597.0
290560,22485.0
290570,321636.0
290580,31694.0
290590,32500.0
290600,75112.0
290610,10641.0
290620,25007.0
290630,34392.0
290640,7940.0
290650,74854.0
290660,13417.0
290670,26469.0
290680,39725.0
290682,16693.0
290685,11035.0
290687,35437.0
290689,10259.0
290690,21384.0
290700,8633.0
290710,30439.0
290720,76131.0
290730,25470.0
290740,3567.0
290750,50109.0
290755,9108.0
290760,16847.0
290770,10933.0
290780,32292.0
290790,17875.0
290800,17557.0
290810,19865.0
290820,21529.0
290830,16134.0
290840,71601.0
290850,37622.0
290860,24460.0
290870,17567.0
290880,4499.0
290890,28408.0
290900,7748.0
290910,14463.0
290920,17598.0
290930,34266.0
290940,13463.0
290950,4491.0
290960,20346.0
290970,14549.0
290980,63326.0
290990,36127.0
291000,11054.0
291005,75296.0
291010,12329.0
291020,4608.0
291030,8069.0
291040,19450.0
291050,39890.0
291060,34163.0
291070,64768.0
291072,121067.0
291075,18480.0
291077,5831.0
291080,660806.0
291085,18637.0
291090,4993.0
291100,11455.0
291110,27567.0
291120,34051.0
291125,4489.0
291130,11276.0
291140,16107.0
291150,5479.0
291160,21353.0
291165,8177.0
291170,93488.0
291180,19413.0
291185,13055.0
291190,25315.0
291200,10746.0
291210,22131.0
291220,21827.0
291230,14264.0
291240,17134.0
291250,14317.0
291260,3833.0
291270,26917.0
291280,9297.0
291290,19377.0
291300,15049.0
291310,17517.0
291320,27723.0
291330,6428.0
291340,16069.0
291345,13501.0
291350,21763.0
291360,189149.0
291370,35390.0
291380,14016.0
291390,42429.0
291400,59222.0
291410,10349.0
291420,6232.0
291430,11038.0
291440,24833.0
291450,29572.0
291460,78781.0
291465,29588.0
291470,68425.0
291480,196344.0
291490,29496.0
291500,13775.0
291510,14347.0
291520,15796.0
291530,6490.0
291535,12669.0
291540,6118.0
291550,19191.0
291560,61999.0
291570,7187.0
291580,25088.0
291590,6078.0
291600,18203.0
291610,20353.0
291620,10649.0
291630,9464.0
291640,68724.0
291650,33284.0
291660,10640.0
291670,8464.0
291680,17485.0
291685,16454.0
291690,11211.0
291700,35490.0
291710,16849.0
291720,18506.0
291730,22154.0
291733,11559.0
291735,9600.0
291740,14910.0
291750,86896.0
291760,47624.0
291770,34528.0
291780,18349.0
291790,9508.0
291800,169201.0
291810,39539.0
291820,14063.0
291830,14824.0
291835,25892.0
291840,256122.0
291845,9930.0
291850,17007.0
291855,6048.0
291860,7567.0
291870,4228.0
291875,14550.0
291880,21705.0
291890,3994.0
291900,3610.0
291905,7683.0
291910,9303.0
291915,27014.0
291920,219564.0
291930,11194.0
291940,12202.0
291950,46376.0
291955,118382.0
291960,10740.0
291970,22768.0
291980,43653.0
291990,7435.0
291992,19224.0
291995,7218.0
292000,9009.0
292010,18130.0
292020,15814.0
292030,8982.0
292040,14287.0
292045,14542.0
292050,29330.0
292060,37041.0
292070,25804.0
292080,9475.0
292090,13918.0
292100,44962.0
292105,10611.0
292110,22801.0
292120,25263.0
292130,11436.0
292140,16167.0
292145,10526.0
292150,49807.0
292160,8220.0
292170,35235.0
292180,11477.0
292190,12712.0
292200,40114.0
292205,13648.0
292210,17197.0
292220,7453.0
292225,10803.0
292230,30180.0
292240,20590.0
292250,28427.0
292260,12399.0
292265,19711.0
292270,13970.0
292273,8283.0
292275,6696.0
292280,8073.0
292285,7670.0
292290,24865.0
292300,41629.0
292303,11586.0
292305,11060.0
292310,22956.0
292320,21323.0
292330,7925.0
292335,20141.0
292340,20666.0
292350,10894.0
292360,21025.0
292370,30680.0
292380,27860.0
292390,9537.0
292400,119418.0
292405,13677.0
292410,6403.0
292420,14226.0
292430,20938.0
292440,37388.0
292450,15125.0
292460,19601.0
292465,10654.0
292467,11481.0
292470,9143.0
292480,17697.0
292490,8239.0
292500,24026.0
292510,50773.0
292520,33573.0
292525,18763.0
292530,182630.0
292540,10651.0
292550,37533.0
292560,15677.0
292570,12963.0
292575,29489.0
292580,27429.0
292590,26443.0
292593,9839.0
292595,20081.0
292600,42855.0
292610,14174.0
292620,22329.0
292630,35188.0
292640,32060.0
292650,14528.0
292660,56316.0
292665,10029.0
292670,13634.0
292680,13495.0
292690,10781.0
292700,36966.0
292710,10884.0
292720,29590.0
292730,15629.0
292740,2564204.0
292750,21787.0
292760,15417.0
292770,31007.0
292780,4663.0
292790,10625.0
292800,40066.0
292805,14392.0
292810,40474.0
292820,25521.0
292830,9035.0
292840,28890.0
292850,10882.0
292860,58398.0
292870,109791.0
292880,55146.0
292890,34982.0
292895,8690.0
292900,11102.0
292905,15780.0
292910,20923.0
292920,41110.0
292925,19229.0
292930,42171.0
292935,5432.0
292937,10576.0
292940,10615.0
292950,42944.0
292960,18656.0
292970,16476.0
292975,11859.0
292980,10661.0
292990,48721.0
293000,9581.0
293010,78090.0
293015,36252.0
293020,40232.0
293030,17574.0
293040,18754.0
293050,84690.0
293060,13863.0
293070,120419.0
293075,13982.0
293076,14435.0
293077,27097.0
293080,17724.0
293090,12368.0
293100,21787.0
293105,17812.0
293110,7991.0
293120,18556.0
293130,16226.0
293135,153738.0
293140,7280.0
293150,21825.0
293160,15978.0
293170,10976.0
293180,16646.0
293190,51016.0
293200,25449.0
293210,19142.0
293220,17878.0
293230,15839.0
293240,13886.0
293245,13785.0
293250,18254.0
293260,15776.0
293270,22155.0
293280,16645.0
293290,90053.0
293300,25132.0
293305,14294.0
293310,8334.0
293315,13866.0
293317,10328.0
293320,45191.0
293325,6157.0
293330,396613.0
293340,9866.0
293345,13460.0
293350,25535.0
293360,47019.0
310010,6345.0
310020,23173.0
310030,14354.0
310040,3998.0
310050,8926.0
310060,12391.0
310070,2171.0
310080,4509.0
310090,18850.0
310100,14567.0
310110,26212.0
310120,6389.0
310130,2820.0
310140,3027.0
310150,31159.0
310160,82303.0
310163,7236.0
310170,42019.0
310180,7019.0
310190,18673.0
310200,14272.0
310205,6014.0
310210,10931.0
310220,3983.0
310230,15358.0
310240,4359.0
310250,4574.0
310260,42501.0
310270,9347.0
310280,12163.0
310285,7849.0
310290,11350.0
310300,9375.0
310310,1552.0
310320,2222.0
310330,2095.0
310340,35185.0
310350,123432.0
310360,2998.0
310370,8218.0
310375,9069.0
310380,2668.0
310390,9634.0
310400,118786.0
310410,9335.0
310420,43653.0
310430,14229.0
310440,2715.0
310445,4820.0
310450,17586.0
310460,14633.0
310470,13936.0
310480,4572.0
310490,18782.0
310500,7595.0
310510,24203.0
310520,4811.0
310530,6183.0
310540,32264.0
310550,4952.0
310560,129695.0
310570,5717.0
310590,20604.0
310600,10427.0
310610,3292.0
310620,2415872.0
310630,24546.0
310640,9012.0
310650,9638.0
310660,4546.0
310665,4270.0
310670,431433.0
310680,3367.0
310690,14358.0
310700,2397.0
310710,41443.0
310720,5530.0
310730,49797.0
310740,54377.0
310750,6988.0
310760,4677.0
310770,5786.0
310780,14719.0
310790,13312.0
310800,17515.0
310810,7710.0
310820,5600.0
310825,10525.0
310830,17837.0
310840,15141.0
310850,5806.0
310855,15485.0
310860,33262.0
310870,4296.0
310880,4445.0
310890,14491.0
310900,41090.0
310910,11168.0
310920,9171.0
310925,4159.0
310930,24779.0
310940,23908.0
310945,6811.0
310950,11269.0
310960,3785.0
310970,12302.0
310980,2337.0
310990,11906.0
311000,39775.0
311010,5484.0
311020,4191.0
311030,14628.0
311040,2851.0
311050,27860.0
311060,31066.0
311070,12551.0
311080,2884.0
311090,16372.0
311100,21155.0
311110,18188.0
311115,3806.0
311120,54027.0
311130,11625.0
311140,8931.0
311150,13076.0
311160,26749.0
311170,4839.0
311180,10716.0
311190,5342.0
311200,14211.0
311205,4029.0
311210,5138.0
311220,4397.0
311230,41858.0
311240,6627.0
311250,11210.0
311260,14872.0
311265,4634.0
311270,14403.0
311280,10991.0
311290,9128.0
311300,19511.0
311310,2942.0
311320,24403.0
311330,32134.0
311340,90890.0
311350,8603.0
311360,7062.0
311370,18783.0
311380,2693.0
311390,11767.0
311400,11291.0
311410,14125.0
311420,24581.0
311430,29885.0
311440,21506.0
311450,18561.0
311455,9633.0
311460,4161.0
311470,3419.0
311480,4503.0
311490,2260.0
311500,2751.0
311510,17491.0
311520,3576.0
311530,67732.0
311535,5706.0
311540,3124.0
311545,7248.0
311547,4788.0
311550,21412.0
311560,1084.0
311570,6213.0
311580,10447.0
311590,3194.0
311600,6289.0
311610,9763.0
311615,12904.0
311620,2868.0
311630,5549.0
311640,4786.0
311650,7230.0
311660,31936.0
311670,7293.0
311680,8206.0
311690,2804.0
311700,6540.0
311710,10705.0
311720,2840.0
311730,30278.0
311740,4503.0
311750,24559.0
311760,5584.0
311770,12765.0
311780,11218.0
311783,7433.0
311787,7758.0
311790,11444.0
311800,55272.0
311810,4924.0
311820,6878.0
311830,138946.0
311840,21052.0
311850,1569.0
311860,651718.0
311870,9188.0
311880,26138.0
311890,7535.0
311900,3236.0
311910,23988.0
311920,11240.0
311930,30114.0
311940,108708.0
311950,8237.0
311960,2789.0
311970,3599.0
311980,2956.0
311990,4462.0
311995,6333.0
312000,2900.0
312010,4351.0
312015,5256.0
312020,12634.0
312030,5133.0
312040,4719.0
312050,10643.0
312060,5674.0
312070,3616.0
312080,15831.0
312083,3958.0
312087,7662.0
312090,84297.0
312100,5635.0
312110,8133.0
312120,8851.0
312125,11143.0
312130,5070.0
312140,7941.0
312150,3060.0
312160,49493.0
312170,3581.0
312180,6689.0
312190,4481.0
312200,21428.0
312210,4147.0
312220,6583.0
312230,243583.0
312235,6541.0
312240,6002.0
312245,10659.0
312247,3763.0
312250,4967.0
312260,5074.0
312270,5355.0
312280,3184.0
312290,6250.0
312300,10359.0
312310,5114.0
312320,12730.0
312330,5192.0
312340,1498.0
312350,1869.0
312352,8065.0
312360,27429.0
312370,14501.0
312380,6373.0
312385,5295.0
312390,15157.0
312400,21091.0
312410,93103.0
312420,24844.0
312430,31375.0
312440,7132.0
312450,11880.0
312460,2189.0
312470,2711.0
312480,6897.0
312490,11096.0
312500,3986.0
312510,59336.0
312520,2676.0
312530,3230.0
312540,5251.0
312550,3099.0
312560,6575.0
312570,14280.0
312580,2814.0
312590,9603.0
312595,10705.0
312600,8469.0
312610,70897.0
312620,8095.0
312630,3453.0
312640,3230.0
312650,7053.0
312660,4547.0
312670,23753.0
312675,5023.0
312680,5731.0
312690,8301.0
312695,3481.0
312700,14946.0
312705,4389.0
312707,4538.0
312710,61275.0
312720,4934.0
312730,6244.0
312733,4847.0
312735,2991.0
312737,2859.0
312738,4214.0
312740,4922.0
312750,5235.0
312760,11536.0
312770,266561.0
312780,14037.0
312790,1428.0
312800,33517.0
312810,14076.0
312820,9901.0
312825,5224.0
312830,19646.0
312840,7731.0
312850,3091.0
312860,6687.0
312870,52744.0
312880,7285.0
312890,8880.0
312900,7803.0
312910,5154.0
312920,6278.0
312930,12583.0
312940,5346.0
312950,22554.0
312960,6172.0
312965,5113.0
312970,10996.0
312980,179582.0
312990,3440.0
313000,2733.0
313005,10914.0
313010,49120.0
313020,11345.0
313030,6782.0
313040,7358.0
313050,13248.0
313055,7244.0
313060,7537.0
313065,6328.0
313070,6311.0
313080,2632.0
313090,22925.0
313100,6465.0
313110,7615.0
313115,17587.0
313120,20181.0
313130,235311.0
313140,3807.0
313150,9283.0
313160,7467.0
313170,118053.0
313180,10548.0
313190,56369.0
313200,4227.0
313210,17502.0
313220,14415.0
313230,10482.0
313240,96855.0
313250,34210.0
313260,3710.0
313270,21210.0
313280,2168.0
313290,11092.0
313300,15245.0
313310,15751.0
313320,11264.0
313330,19263.0
313340,14014.0
313350,21456.0
313360,13561.0
313370,13779.0
313375,14634.0
313380,103272.0
313390,5747.0
313400,13954.0
313410,6234.0
313420,106775.0
313430,6876.0
313440,40259.0
313450,4366.0
313460,21407.0
313470,11115.0
313480,7668.0
313490,26888.0
313500,3181.0
313505,39639.0
313507,4266.0
313510,73555.0
313520,67123.0
313530,4706.0
313535,8385.0
313540,6476.0
313545,6072.0
313550,12636.0
313560,6379.0
313570,6142.0
313580,24516.0
313590,5320.0
313600,14035.0
313610,4246.0
313620,83791.0
313630,48725.0
313640,3868.0
313650,10541.0
313652,3963.0
313655,4349.0
313657,3557.0
313660,6107.0
313665,33249.0
313670,567730.0
313680,3798.0
313690,11652.0
313695,5937.0
313700,14263.0
313710,6622.0
313720,53927.0
313730,3237.0
313740,13152.0
313750,19614.0
313753,9235.0
313760,81299.0
313770,21502.0
313780,21010.0
313790,3213.0
313800,6018.0
313810,7398.0
313820,110682.0
313830,3272.0
313835,4364.0
313840,52739.0
313850,4744.0
313860,17782.0
313862,9191.0
313865,8963.0
313867,7239.0
313868,6323.0
313870,5744.0
313880,18336.0
313890,6556.0
313900,38809.0
313910,5360.0
313920,17691.0
313925,6082.0
313930,19148.0
313940,97328.0
313950,20939.0
313960,27350.0
313970,7532.0
313980,13180.0
313990,14567.0
314000,64506.0
314010,4323.0
314015,16705.0
314020,3567.0
314030,4796.0
314040,3314.0
314050,14546.0
314053,8797.0
314055,9532.0
314060,3949.0
314070,40814.0
314080,14547.0
314085,8922.0
314090,19115.0
314100,12210.0
314110,39529.0
314120,3912.0
314130,4068.0
314140,20455.0
314150,5614.0
314160,10615.0
314170,4984.0
314180,23843.0
314190,3811.0
314200,14071.0
314210,8961.0
314220,13921.0
314225,3982.0
314230,5314.0
314240,7812.0
314250,2187.0
314260,8565.0
314270,14068.0
314280,20708.0
314290,20497.0
314300,13347.0
314310,49500.0
314315,4437.0
314320,21294.0
314330,437601.0
314340,25107.0
314345,6951.0
314350,9414.0
314360,2426.0
314370,3161.0
314380,7930.0
314390,108447.0
314400,28749.0
314410,22620.0
314420,2400.0
314430,35263.0
314435,6443.0
314437,3642.0
314440,4805.0
314450,8407.0
314460,25757.0
314465,10965.0
314467,3126.0
314470,17813.0
314480,120959.0
314490,3726.0
314500,15220.0
314505,6746.0
314510,16919.0
314520,114791.0
314530,27268.0
314535,10503.0
314537,4612.0
314540,1986.0
314545,5530.0
314550,2618.0
314560,40576.0
314570,2058.0
314580,3024.0
314585,5102.0
314587,8828.0
314590,40638.0
314600,33285.0
314610,77914.0
314620,5847.0
314625,5045.0
314630,17463.0
314640,4253.0
314650,8353.0
314655,5616.0
314660,1495.0
314670,5699.0
314675,6342.0
314690,14202.0
314700,99005.0
314710,102844.0
314720,22452.0
314730,21076.0
314740,24899.0
314750,1609.0
314760,15847.0
314770,8716.0
314780,2311.0
314790,116951.0
314795,4825.0
314800,169173.0
314810,94357.0
314820,5754.0
314830,8757.0
314840,4402.0
314850,8143.0
314860,17863.0
314870,25045.0
314875,7599.0
314880,3366.0
314890,4247.0
314900,2916.0
314910,10891.0
314915,10601.0
314920,3398.0
314930,65174.0
314940,1857.0
314950,3461.0
314960,4265.0
314970,13118.0
314980,17992.0
314990,22075.0
314995,6624.0
315000,3559.0
315010,2854.0
315015,8966.0
315020,4054.0
315030,4694.0
315040,5199.0
315050,8817.0
315053,4864.0
315057,7228.0
315060,6905.0
315070,5814.0
315080,17358.0
315090,6320.0
315100,9518.0
315110,11454.0
315120,57713.0
315130,12006.0
315140,27834.0
315150,38007.0
315160,11533.0
315170,16824.0
315180,172339.0
315190,8438.0
315200,32441.0
315210,59638.0
315213,3797.0
315217,11059.0
315220,38692.0
315230,10840.0
315240,13649.0
315250,162133.0
315260,6779.0
315270,9369.0
315280,29745.0
315290,8534.0
315300,3691.0
315310,4847.0
315320,3471.0
315330,3162.0
315340,19192.0
315350,8606.0
315360,12052.0
315370,3232.0
315380,1796.0
315390,16796.0
315400,23874.0
315410,11383.0
315415,8246.0
315420,11544.0
315430,17629.0
315440,4640.0
315445,6830.0
315450,8858.0
315460,346971.0
315470,4217.0
315480,10698.0
315490,12851.0
315500,2545.0
315510,4649.0
315520,5447.0
315530,5746.0
315540,8683.0
315550,15297.0
315560,29103.0
315570,15036.0
315580,17885.0
315590,5235.0
315600,12770.0
315610,5122.0
315620,2374.0
315630,9168.0
315640,3430.0
315645,4926.0
315650,5460.0
315660,10602.0
315670,134576.0
315680,14309.0
315690,28076.0
315700,41736.0
315710,6126.0
315720,31916.0
315725,8785.0
315727,3218.0
315730,4245.0
315733,8339.0
315737,3919.0
315740,4728.0
315750,4038.0
315760,3528.0
315765,6056.0
315770,16820.0
315780,230382.0
315790,16989.0
315800,10718.0
315810,4777.0
315820,12817.0
315830,6756.0
315840,3548.0
315850,7030.0
315860,3815.0
315870,2171.0
315880,4246.0
315890,9264.0
315895,49025.0
315900,5654.0
315910,3490.0
315920,8561.0
315930,4826.0
315935,6969.0
315940,3331.0
315950,5984.0
315960,42517.0
315970,3487.0
315980,21914.0
315990,17657.0
316000,3896.0
316010,4352.0
316020,3969.0
316030,10324.0
316040,28456.0
316045,6729.0
316050,1856.0
316060,2692.0
316070,43218.0
316080,4846.0
316090,4161.0
316095,5793.0
316100,17783.0
316105,3244.0
316110,54223.0
316120,6281.0
316130,5858.0
316140,4848.0
316150,10524.0
316160,3200.0
316165,3158.0
316170,7515.0
316180,12275.0
316190,12475.0
316200,24497.0
316210,43851.0
316220,7959.0
316225,4962.0
316230,3012.0
316240,24197.0
316245,13547.0
316250,94468.0
316255,11676.0
316257,5479.0
316260,7099.0
316265,4050.0
316270,24706.0
316280,15613.0
316290,26529.0
316292,37017.0
316294,8145.0
316295,28087.0
316300,3849.0
316310,4698.0
316320,4252.0
316330,3482.0
316340,5482.0
316350,6282.0
316360,2844.0
316370,46868.0
316380,6410.0
316390,4973.0
316400,7132.0
316410,5143.0
316420,10562.0
316430,7370.0
316440,6778.0
316443,3239.0
316447,6415.0
316450,10218.0
316460,9527.0
316470,75179.0
316480,1229.0
316490,2385.0
316500,11559.0
316510,6837.0
316520,7107.0
316530,6928.0
316540,6469.0
316550,5140.0
316553,39974.0
316555,9985.0
316556,2420.0
316557,6517.0
316560,2335.0
316570,7977.0
316580,2149.0
316590,4006.0
316600,5577.0
316610,3066.0
316620,10657.0
316630,7552.0
316640,1866.0
316650,3808.0
316660,856.0
316670,6859.0
316680,12286.0
316690,7811.0
316695,4497.0
316700,2036.0
316710,22624.0
316720,238909.0
316730,2399.0
316740,6348.0
316750,3084.0
316760,20431.0
316770,5140.0
316780,5733.0
316790,4097.0
316800,34537.0
316805,3508.0
316810,4215.0
316820,1698.0
316830,4394.0
316840,15104.0
316850,12691.0
316860,142851.0
316870,84172.0
316880,8056.0
316890,8231.0
316900,16603.0
316905,3894.0
316910,7625.0
316920,8653.0
316930,78291.0
316935,29985.0
316940,57209.0
316950,5955.0
316960,26583.0
316970,20769.0
316980,5097.0
316990,107423.0
317000,11985.0
317005,13485.0
317010,356781.0
317020,761835.0
317030,2742.0
317040,91320.0
317043,3818.0
317047,3365.0
317050,10899.0
317052,18515.0
317057,5800.0
317060,2207.0
317065,4724.0
317070,143676.0
317075,7305.0
317080,34555.0
317090,19210.0
317100,20459.0
317103,7737.0
317107,5240.0
317110,3478.0
317115,5048.0
317120,138583.0
317130,79517.0
317140,3781.0
317150,3053.0
317160,11774.0
317170,9164.0
317180,10511.0
317190,4471.0
317200,40711.0
317210,4441.0
317220,2377.0
320010,32456.0
320013,10143.0
320016,12585.0
320020,30702.0
320030,14376.0
320035,7760.0
320040,33017.0
320050,7462.0
320060,103363.0
320070,11046.0
320080,32829.0
320090,45415.0
320100,14054.0
320110,10820.0
320115,13718.0
320120,198342.0
320130,376200.0
320140,39575.0
320150,129301.0
320160,28923.0
320170,12472.0
320180,5397.0
320190,38236.0
320200,6902.0
320210,22611.0
320220,18898.0
320225,11484.0
320230,31418.0
320240,136311.0
320245,27543.0
320250,12304.0
320255,10015.0
320260,12790.0
320265,14647.0
320270,14042.0
320280,44020.0
320290,10975.0
320300,30556.0
320305,31551.0
320310,12108.0
320313,14295.0
320316,11597.0
320320,183797.0
320330,13131.0
320332,45953.0
320334,18964.0
320335,13087.0
320340,25088.0
320350,19830.0
320360,5653.0
320370,18809.0
320380,14185.0
320390,52324.0
320400,19120.0
320405,21923.0
320410,24843.0
320420,23912.0
320425,6671.0
320430,14852.0
320435,20350.0
320440,11471.0
320450,13813.0
320455,45575.0
320460,23872.0
320465,9051.0
320470,34272.0
320480,11411.0
320490,134423.0
320495,11256.0
320500,579720.0
320501,28668.0
320503,20390.0
320506,25395.0
320510,79043.0
320515,9319.0
320517,14267.0
320520,506779.0
320530,343378.0
330010,179142.0
330015,11426.0
330020,137906.0
330022,12239.0
330023,42527.0
330025,32822.0
330030,98506.0
330040,181679.0
330045,518384.0
330050,29758.0
330060,37176.0
330070,238438.0
330080,59861.0
330090,15069.0
330093,14329.0
330095,9048.0
330100,519259.0
330110,19995.0
330115,13407.0
330120,17741.0
330130,48636.0
330140,21770.0
330150,21448.0
330160,11355.0
330170,866225.0
330180,12644.0
330185,54311.0
330187,29616.0
330190,240127.0
330200,124021.0
330205,14518.0
330210,23645.0
330220,107297.0
330225,32713.0
330227,102171.0
330230,7584.0
330240,264439.0
330245,5602.0
330250,244142.0
330260,43660.0
330270,212470.0
330280,18048.0
330285,178830.0
330290,28142.0
330300,28416.0
330310,15551.0
330320,155500.0
330330,516787.0
330340,203417.0
330350,843220.0
330360,43627.0
330370,44479.0
330380,47668.0
330385,31370.0
330390,294926.0
330395,25096.0
330400,29066.0
330410,17832.0
330411,21089.0
330412,14165.0
330414,149135.0
330415,23142.0
330420,137697.0
330430,59126.0
330440,17951.0
330450,9267.0
330452,168455.0
330455,6730729.0
330460,10580.0
330470,43697.0
330475,47397.0
330480,41212.0
330490,960196.0
330500,38740.0
330510,466503.0
330513,7318.0
330515,22813.0
330520,110677.0
330530,7993.0
330540,18291.0
330550,95315.0
330555,84794.0
330560,22028.0
330570,15693.0
330575,32865.0
330580,176735.0
330590,10654.0
330600,82319.0
330610,71449.0
330615,10563.0
330620,35907.0
330630,279971.0
350010,35673.0
350020,4505.0
350030,32886.0
350040,7463.0
350050,18257.0
350055,7460.0
350060,2928.0
350070,38988.0
350075,6373.0
350080,4574.0
350090,3467.0
350100,17197.0
350110,3874.0
350115,17607.0
350120,3979.0
350130,28386.0
350140,4901.0
350150,2919.0
350160,247571.0
350170,33708.0
350180,5981.0
350190,69792.0
350200,4694.0
350210,61625.0
350220,24573.0
350230,5766.0
350240,4118.0
350250,33141.0
350260,4112.0
350270,24857.0
350275,22314.0
350280,208415.0
350290,33832.0
350300,5535.0
350310,7076.0
350315,2355.0
350320,253474.0
350330,135744.0
350335,2089.0
350340,8290.0
350350,3617.0
350360,10242.0
350370,7621.0
350380,53467.0
350390,90273.0
350395,1875.0
350400,104858.0
350410,167161.0
350420,13856.0
350430,4503.0
350440,11436.0
350450,96450.0
350460,29346.0
350470,3969.0
350480,9902.0
350490,10097.0
350500,3632.0
350510,5627.0
350520,32406.0
350530,35129.0
350535,5254.0
350540,6894.0
350550,126957.0
350560,33304.0
350570,333737.0
350580,21936.0
350590,59939.0
350600,392947.0
350610,78257.0
350620,2640.0
350630,11881.0
350635,67436.0
350640,7464.0
350650,123340.0
350660,30564.0
350670,13113.0
350680,11480.0
350690,10710.0
350700,63850.0
350710,22579.0
350715,3609.0
350720,932.0
350730,4838.0
350740,14405.0
350745,2801.0
350750,151053.0
350760,185688.0
350770,5477.0
350775,2605.0
350780,26314.0
350790,24501.0
350800,20731.0
350810,17658.0
350820,4458.0
350830,4360.0
350840,48654.0
350850,100071.0
350860,32534.0
350870,17228.0
350880,16907.0
350890,3726.0
350900,98549.0
350910,5599.0
350920,98365.0
350925,29262.0
350930,9210.0
350940,24233.0
350945,6090.0
350950,1187974.0
350960,79781.0
350970,47956.0
350980,5003.0
350990,12491.0
350995,5068.0
351000,30157.0
351010,2959.0
351015,6589.0
351020,47409.0
351030,23777.0
351040,51369.0
351050,142248.0
351060,398236.0
351070,11476.0
351080,28779.0
351090,2861.0
351100,20485.0
351110,119275.0
351120,7101.0
351130,13314.0
351140,22210.0
351150,46391.0
351160,19707.0
351170,15814.0
351190,7084.0
351200,18880.0
351210,6802.0
351220,29132.0
351230,15345.0
351240,25286.0
351250,5504.0
351260,4271.0
351270,4296.0
351280,61167.0
351290,9019.0
351300,289493.0
351310,34307.0
351320,9600.0
351330,2123.0
351340,76444.0
351350,114870.0
351360,22460.0
351370,32663.0
351380,403579.0
351385,1639.0
351390,11305.0
351400,8986.0
351410,24847.0
351420,2254.0
351430,8169.0
351440,46735.0
351450,12532.0
351460,9764.0
351470,6291.0
351480,13109.0
351490,18168.0
351492,3190.0
351495,2349.0
351500,259788.0
351510,68913.0
351512,3061.0
351515,20261.0
351518,40610.0
351519,4214.0
351520,9696.0
351530,2751.0
351535,7883.0
351540,17029.0
351550,73508.0
351560,6080.0
351565,1692.0
351570,186479.0
351580,1483.0
351590,2747.0
351600,13175.0
351610,4022.0
351620,365494.0
351630,171476.0
351640,150241.0
351650,2813.0
351660,6413.0
351670,43081.0
351680,3203.0
351685,4806.0
351690,10437.0
351700,10337.0
351710,4158.0
351720,11478.0
351730,5609.0
351740,40489.0
351750,22445.0
351760,17225.0
351770,18748.0
351780,7453.0
351790,10554.0
351800,1999.0
351810,6532.0
351820,31888.0
351830,32620.0
351840,121916.0
351850,15285.0
351860,38678.0
351870,294871.0
351880,1349100.0
351885,7474.0
351890,4259.0
351900,9316.0
351905,15718.0
351907,248842.0
351910,10648.0
351920,6197.0
351925,8313.0
351930,33160.0
351940,11952.0
351950,6450.0
351960,62143.0
351970,77801.0
351980,7982.0
351990,7739.0
352000,23421.0
352010,26696.0
352020,10984.0
352030,29891.0
352040,36559.0
352042,14104.0
352044,26257.0
352050,269657.0
352060,5200.0
352070,4113.0
352080,3671.0
352090,13935.0
352100,38277.0
352110,7027.0
352115,7115.0
352120,4083.0
352130,14701.0
352140,22500.0
352150,6932.0
352160,7120.0
352170,18263.0
352180,25979.0
352190,17502.0
352200,3715.0
352210,118495.0
352215,3497.0
352220,163003.0
352230,164256.0
352240,92393.0
352250,242995.0
352260,74038.0
352265,4420.0
352270,40445.0
352280,14245.0
352290,14035.0
352300,4002.0
352310,382983.0
352320,45213.0
352330,15916.0
352340,127112.0
352350,19462.0
352360,16454.0
352370,5857.0
352380,8227.0
352390,175047.0
352400,74994.0
352410,38413.0
352420,6280.0
352430,73473.0
352440,250952.0
352450,7944.0
352460,16216.0
352470,62309.0
352480,50078.0
352490,6611.0
352500,121550.0
352510,47125.0
352520,40007.0
352530,137409.0
352540,4000.0
352550,13131.0
352560,4464.0
352570,37992.0
352580,4302.0
352585,3132.0
352590,463039.0
352600,20939.0
352610,17184.0
352620,27969.0
352630,5183.0
352640,27044.0
352650,9940.0
352660,7348.0
352670,101537.0
352680,68568.0
352690,301292.0
352700,7158.0
352710,76844.0
352720,87468.0
352725,1962.0
352730,54865.0
352740,20378.0
352750,2423.0
352760,12564.0
352770,4740.0
352780,4004.0
352790,2697.0
352800,17140.0
352810,7581.0
352820,4058.0
352830,3211.0
352840,51888.0
352850,97835.0
352860,10122.0
352870,4619.0
352880,12804.0
352885,3415.0
352890,3526.0
352900,247348.0
352910,1862.0
352920,25240.0
352930,81075.0
352940,429014.0
352950,6420.0
352960,4721.0
352965,1990.0
352970,19621.0
352980,11322.0
352990,18610.0
353000,3209.0
353010,28754.0
353020,16031.0
353030,65811.0
353040,4783.0
353050,69372.0
353060,470302.0
353070,160318.0
353080,95742.0
353090,3830.0
353100,1947.0
353110,64845.0
353120,8923.0
353130,48758.0
353140,22668.0
353150,18337.0
353160,4306.0
353170,4205.0
353180,67832.0
353190,28521.0
353200,14147.0
353205,4071.0
353210,3748.0
353215,2697.0
353220,5956.0
353230,7155.0
353240,18675.0
353250,9953.0
353260,9915.0
353270,4876.0
353280,6885.0
353282,8630.0
353284,2055.0
353286,1072.0
353290,9459.0
353300,19733.0
353310,2188.0
353320,4847.0
353325,4463.0
353330,2817.0
353340,64596.0
353350,39494.0
353360,7570.0
353370,4418.0
353380,2535.0
353390,56874.0
353400,4942.0
353410,6180.0
353420,6157.0
353430,39144.0
353440,759524.0
353450,2502.0
353460,32112.0
353470,106911.0
353475,10660.0
353480,7900.0
353490,15273.0
353500,11704.0
353510,9666.0
353520,8971.0
353530,19714.0
353540,15227.0
353550,42049.0
353560,17959.0
353570,6218.0
353580,19853.0
353590,4118.0
353600,10720.0
353610,7435.0
353620,19603.0
353625,3030.0
353630,14888.0
353640,8255.0
353650,116674.0
353657,2156.0
353660,7390.0
353670,46337.0
353680,6745.0
353690,2856.0
353700,15737.0
353710,44385.0
353715,2833.0
353720,11617.0
353730,63426.0
353740,24360.0
353750,9013.0
353760,70629.0
353770,5631.0
353780,54266.0
353790,28459.0
353800,172681.0
353810,14704.0
353820,15676.0
353830,3287.0
353850,12516.0
353860,26795.0
353870,440835.0
353880,30294.0
353890,22734.0
353900,11085.0
353910,18925.0
353920,26097.0
353930,75594.0
353940,15657.0
353950,34361.0
353960,4451.0
353970,3055.0
353980,106355.0
353990,5702.0
354000,20520.0
354010,3440.0
354020,38286.0
354025,4198.0
354030,2411.0
354040,4182.0
354050,10850.0
354060,58605.0
354070,53966.0
354075,20801.0
354080,19097.0
354085,2589.0
354090,17299.0
354100,368539.0
354105,5264.0
354110,3830.0
354120,14803.0
354130,40322.0
354140,234706.0
354150,35810.0
354160,35973.0
354165,3477.0
354170,13412.0
354180,3366.0
354190,9074.0
354200,7260.0
354210,9145.0
354220,29387.0
354230,4637.0
354240,20620.0
354250,7820.0
354260,61927.0
354270,6486.0
354280,3158.0
354290,11040.0
354300,18942.0
354310,4717.0
354320,4776.0
354323,2040.0
354325,7571.0
354330,118954.0
354340,731639.0
354350,5628.0
354360,4179.0
354370,9101.0
354380,9334.0
354390,210323.0
354400,32329.0
354410,45324.0
354420,10444.0
354425,17434.0
354430,11137.0
354440,2740.0
354450,3998.0
354460,5182.0
354470,2522.0
354480,6645.0
354490,11683.0
354500,15381.0
354510,4883.0
354515,8407.0
354520,141111.0
354530,45262.0
354540,9221.0
354550,3697.0
354560,14193.0
354570,6566.0
354580,189456.0
354600,14219.0
354610,2694.0
354620,4375.0
354625,2168.0
354630,29489.0
354640,47759.0
354650,6274.0
354660,36288.0
354670,23192.0
354680,54691.0
354690,7144.0
354700,5308.0
354710,3017.0
354720,1699.0
354730,163787.0
354740,2796.0
354750,24996.0
354760,23710.0
354765,1692.0
354770,17960.0
354780,782048.0
354790,6933.0
354800,23867.0
354805,8593.0
354810,6243.0
354820,7314.0
354830,3069.0
354840,3921.0
354850,429547.0
354860,11989.0
354870,841154.0
354880,172693.0
354890,266427.0
354900,2623.0
354910,96080.0
354920,2623.0
354925,1882.0
354930,2293.0
354940,49885.0
354950,7664.0
354960,3888.0
354970,53427.0
354980,504166.0
354990,727078.0
354995,16479.0
355000,10487.0
355010,38131.0
355020,32924.0
355030,11904961.0
355040,39855.0
355050,7333.0
355060,81366.0
355070,84280.0
355080,10428.0
355090,13560.0
355100,338326.0
355110,10677.0
355120,3772.0
355130,3191.0
355140,13108.0
355150,45580.0
355160,31047.0
355170,132176.0
355180,12903.0
355190,14693.0
355200,6329.0
355210,41527.0
355220,762172.0
355230,7464.0
355240,291116.0
355250,320261.0
355255,3465.0
355260,11498.0
355270,14997.0
355280,285307.0
355290,6418.0
355300,13068.0
355310,5744.0
355320,6770.0
355330,21650.0
355340,26071.0
355350,8122.0
355360,11903.0
355365,2649.0
355370,53264.0
355380,24932.0
355385,7170.0
355390,6633.0
355395,15315.0
355400,129130.0
355410,322397.0
355420,4119.0
355430,22598.0
355440,7965.0
355450,38723.0
355460,2484.0
355465,2056.0
355470,9484.0
355475,1724.0
355480,53426.0
355490,7060.0
355495,6976.0
355500,65433.0
355510,16259.0
355520,1835.0
355530,1662.0
355535,5458.0
355540,97096.0
355550,5289.0
355560,10670.0
355570,1628.0
355580,8973.0
355590,1424.0
355600,14073.0
355610,14634.0
355620,132258.0
355630,24779.0
355635,10863.0
355640,41256.0
355645,52352.0
355650,119655.0
355660,10274.0
355670,79089.0
355680,17685.0
355690,8368.0
355695,1828.0
355700,133510.0
355710,100568.0
355715,2773.0
355720,12415.0
355730,11609.0
410010,7233.0
410020,6319.0
410030,10770.0
410040,125861.0
410045,3496.0
410050,18634.0
410060,14183.0
410070,9771.0
410080,10481.0
410090,4688.0
410100,20337.0
410105,2971.0
410110,19989.0
410115,3357.0
410120,18140.0
410130,7048.0
410140,134910.0
410150,124838.0
410160,26325.0
410165,3573.0
410170,14894.0
410180,162247.0
410185,2351.0
410190,13477.0
410200,38357.0
410210,26203.0
410220,4046.0
410230,13867.0
410240,31747.0
410250,10580.0
410260,9903.0
410270,2872.0
410275,4122.0
410280,14982.0
410290,15650.0
410300,4595.0
410302,2421.0
410304,6241.0
410305,8023.0
410310,13405.0
410315,4072.0
410320,6674.0
410322,3244.0
410330,7818.0
410335,4745.0
410337,3861.0
410340,2648.0
410345,20145.0
410347,4580.0
410350,8963.0
410360,23393.0
410370,110923.0
410380,10045.0
410390,16014.0
410395,3954.0
410400,50600.0
410405,3997.0
410410,7693.0
410420,144504.0
410425,31888.0
410430,104122.0
410440,15081.0
410442,15174.0
410445,10672.0
410450,21088.0
410460,14776.0
410465,24469.0
410470,17788.0
410480,368195.0
410490,75644.0
410500,10621.0
410510,10903.0
410520,16287.0
410530,11255.0
410540,21604.0
410550,82988.0
410560,11705.0
410570,14833.0
410580,241672.0
410590,23313.0
410600,8445.0
410610,3474.0
410620,20006.0
410630,17933.0
410640,45720.0
410645,5427.0
410650,24010.0
410655,3770.0
410657,4129.0
410660,24859.0
410670,4543.0
410680,15759.0
410685,2870.0
410690,1830795.0
410700,13784.0
410710,5139.0
410712,3147.0
410715,4513.0
410720,47589.0
410725,9631.0
410730,6517.0
410740,6146.0
410750,12347.0
410752,1852.0
410753,4770.0
410754,4880.0
410755,2994.0
410760,16596.0
410765,165943.0
410770,4488.0
410773,6400.0
410775,8129.0
410780,4805.0
410785,4342.0
410790,11522.0
410800,11653.0
410810,2711.0
410820,7763.0
410830,297352.0
410832,8573.0
410840,102312.0
410845,4893.0
410850,10691.0
410855,2911.0
410860,28931.0
410865,6469.0
410870,5527.0
410880,33058.0
410890,6762.0
410895,7916.0
410900,4857.0
410910,2210.0
410920,4743.0
410930,13770.0
410940,189630.0
410950,7446.0
410960,44913.0
410965,4803.0
410970,29464.0
410975,6343.0
410980,53276.0
410990,9149.0
411000,5693.0
411005,2156.0
411007,15068.0
411010,30849.0
411020,9555.0
411030,2481.0
411040,4544.0
411050,14317.0
411060,16102.0
411065,2328.0
411070,61004.0
411080,10832.0
411090,4530.0
411095,12116.0
411100,5819.0
411110,6228.0
411120,12869.0
411125,33310.0
411130,3607.0
411140,13476.0
411150,33566.0
411155,6788.0
411160,2685.0
411170,5655.0
411180,41493.0
411190,15908.0
411200,36384.0
411210,21930.0
411220,5807.0
411230,5054.0
411240,9393.0
411250,12138.0
411260,1349.0
411270,11996.0
411275,10954.0
411280,12341.0
411290,3372.0
411295,7899.0
411300,6786.0
411310,4666.0
411320,45878.0
411325,5525.0
411330,33179.0
411340,3725.0
411342,3987.0
411345,5217.0
411350,23966.0
411360,4707.0
411370,581382.0
411373,6659.0
411375,4864.0
411380,4929.0
411390,13681.0
411400,13551.0
411410,34521.0
411420,38313.0
411430,29104.0
411435,2790.0
411440,16737.0
411450,14675.0
411460,58734.0
411470,5926.0
411480,44749.0
411490,8761.0
411500,7450.0
411510,9910.0
411520,429660.0
411530,6506.0
411535,6824.0
411540,16605.0
411545,4491.0
411550,4780.0
411560,19223.0
411570,42063.0
411573,3249.0
411575,9689.0
411580,57910.0
411585,6194.0
411590,2248.0
411600,2017.0
411605,11423.0
411610,11043.0
411620,19089.0
411630,4057.0
411640,3669.0
411650,1322.0
411660,3286.0
411670,14331.0
411680,6739.0
411690,27142.0
411695,5783.0
411700,7140.0
411705,12298.0
411710,13074.0
411720,5982.0
411721,4308.0
411722,8581.0
411725,13340.0
411727,6852.0
411729,3227.0
411730,24706.0
411740,3193.0
411745,7102.0
411750,48695.0
411760,50238.0
411770,34948.0
411780,12879.0
411790,37039.0
411800,13728.0
411810,9549.0
411820,150104.0
411830,2352.0
411840,96209.0
411845,6004.0
411850,97821.0
411860,5706.0
411870,6414.0
411880,13494.0
411885,7599.0
411890,12389.0
411900,6218.0
411910,14409.0
411915,131255.0
411920,6676.0
411925,2805.0
411930,30451.0
411940,23977.0
411950,127433.0
411960,34527.0
411965,3141.0
411970,4125.0
411980,14722.0
411990,375632.0
411995,33131.0
412000,11271.0
412010,4072.0
412015,3057.0
412020,3370.0
412030,3515.0
412033,3816.0
412035,5831.0
412040,4304.0
412050,10064.0
412060,50946.0
412065,4127.0
412070,8426.0
412080,25397.0
412085,4672.0
412090,31423.0
412100,10625.0
412110,5052.0
412120,18882.0
412125,4279.0
412130,3472.0
412135,2623.0
412140,20097.0
412150,14825.0
412160,6945.0
412170,24878.0
412175,6493.0
412180,12856.0
412190,13158.0
412200,14174.0
412210,3214.0
412215,14297.0
412217,3841.0
412220,40308.0
412230,31951.0
412240,75818.0
412250,11339.0
412260,9255.0
412265,5484.0
412270,9511.0
412280,4090.0
412290,5214.0
412300,15706.0
412310,3358.0
412320,3357.0
412330,8840.0
412340,11730.0
412350,26461.0
412360,1745.0
412370,9043.0
412380,14462.0
412382,3638.0
412385,9869.0
412390,10941.0
412395,3361.0
412400,5646.0
412402,13938.0
412405,25300.0
412410,45628.0
412420,2474.0
412430,2088.0
412440,24980.0
412450,6463.0
412460,6727.0
412470,10884.0
412480,12297.0
412490,5607.0
412500,10639.0
412510,13899.0
412520,9587.0
412530,5170.0
412535,6690.0
412540,6023.0
412545,4031.0
412550,349880.0
412555,2176.0
412560,43490.0
412570,30416.0
412575,5730.0
412580,8514.0
412590,2726.0
412600,8063.0
412610,5282.0
412620,6778.0
412625,128106.0
412627,6413.0
412630,17256.0
412635,5161.0
412640,5654.0
412650,16210.0
412660,24031.0
412665,3498.0
412667,10540.0
412670,4986.0
412680,16326.0
412690,5807.0
412700,9540.0
412710,77479.0
412720,18168.0
412730,14961.0
412740,18636.0
412750,20374.0
412760,18458.0
412770,160701.0
412780,8523.0
412785,11157.0
412788,6304.0
412790,8067.0
412795,8208.0
412796,14101.0
412800,25732.0
412810,123059.0
412820,56560.0
412830,2106.0
412840,10308.0
412850,19398.0
412853,9760.0
412855,8178.0
412860,8077.0
412862,3067.0
412863,5744.0
412865,3828.0
412870,10549.0
412880,5835.0
420005,2629.0
420010,17767.0
420020,11646.0
420030,6511.0
420040,6587.0
420050,6123.0
420055,3000.0
420060,7193.0
420070,10963.0
420075,1847.0
420080,5955.0
420090,5484.0
420100,8339.0
420110,3761.0
420120,12464.0
420125,10041.0
420127,4505.0
420130,52079.0
420140,76611.0
420150,9289.0
420160,3634.0
420165,2623.0
420170,8720.0
420180,3265.0
420190,7241.0
420195,17786.0
420200,151674.0
420205,16953.0
420207,17986.0
420208,3265.0
420209,1642.0
420210,52860.0
420213,5939.0
420215,2712.0
420220,10757.0
420230,83756.0
420240,385558.0
420243,3639.0
420245,28738.0
420250,3995.0
420253,2896.0
420257,2240.0
420260,8422.0
420270,5705.0
420280,35985.0
420285,4256.0
420287,2433.0
420290,155307.0
420300,76298.0
420310,6441.0
420315,3519.0
420320,117324.0
420325,2636.0
420330,12886.0
420340,7324.0
420350,9864.0
420360,39049.0
420370,13618.0
420380,56948.0
420390,24414.0
420395,25015.0
420400,11033.0
420410,4752.0
420415,2864.0
420417,3303.0
420419,3053.0
420420,282648.0
420425,18106.0
420430,87206.0
420435,5192.0
420440,10604.0
420445,1993.0
420450,15912.0
420455,16253.0
420460,227438.0
420470,11242.0
420475,2026.0
420480,41741.0
420490,8652.0
420500,15316.0
420510,4435.0
420515,3729.0
420517,3561.0
420519,2354.0
420520,5137.0
420530,11537.0
420535,1868.0
420540,587486.0
420543,2752.0
420545,34771.0
420550,34065.0
420555,2437.0
420560,3168.0
420570,34070.0
420580,19970.0
420590,78344.0
420600,18280.0
420610,6403.0
420620,13158.0
420630,26645.0
420640,11071.0
420650,51009.0
420660,4893.0
420665,9611.0
420670,22222.0
420675,2061.0
420680,3295.0
420690,20900.0
420700,63489.0
420710,18627.0
420720,12150.0
420730,57256.0
420740,6166.0
420750,77888.0
420757,2967.0
420760,4622.0
420765,9759.0
420768,8133.0
420770,8121.0
420775,3981.0
420780,10560.0
420785,2098.0
420790,10427.0
420800,7370.0
420810,22906.0
420820,294850.0
420830,86116.0
420840,17268.0
420845,36033.0
420850,28461.0
420860,4461.0
420870,10818.0
420880,21570.0
420890,199519.0
420895,1810.0
420900,31809.0
420910,664541.0
420915,6415.0
420917,2713.0
420920,2302.0
420930,172458.0
420940,44060.0
420945,1791.0
420950,8605.0
420960,14628.0
420970,11575.0
420980,3379.0
420985,4604.0
420990,13829.0
421000,12246.0
421003,5951.0
421005,1796.0
421010,57262.0
421020,3253.0
421030,7543.0
421040,8344.0
421050,30743.0
421055,2218.0
421060,18122.0
421070,2789.0
421080,7128.0
421085,2554.0
421090,4159.0
421100,10206.0
421105,9218.0
421110,7747.0
421120,19490.0
421125,3097.0
421130,96046.0
421140,5490.0
421145,4672.0
421150,14395.0
421160,14004.0
421165,2661.0
421170,24686.0
421175,17873.0
421180,7062.0
421185,2195.0
421187,2007.0
421189,2216.0
421190,253469.0
421200,7696.0
421205,2658.0
421210,15781.0
421220,19769.0
421223,4394.0
421225,14859.0
421227,3997.0
421230,9879.0
421240,4355.0
421250,36995.0
421260,3040.0
421265,10615.0
421270,6996.0
421280,30593.0
421290,23897.0
421300,3631.0
421310,6144.0
421315,3081.0
421320,37003.0
421330,4390.0
421335,3241.0
421340,10732.0
421350,31557.0
421360,33694.0
421370,18051.0
421380,8696.0
421390,1707.0
421400,21764.0
421410,2347.0
421415,3073.0
421420,11433.0
421430,3484.0
421440,6399.0
421450,6638.0
421460,8071.0
421470,11218.0
421480,77451.0
421490,5044.0
421500,40132.0
421505,2429.0
421507,4828.0
421510,13491.0
421520,4684.0
421530,7656.0
421535,3604.0
421540,4495.0
421545,13797.0
421550,15749.0
421555,2476.0
421560,2131.0
421565,10450.0
421567,8015.0
421568,2534.0
421569,1732.0
421570,30099.0
421575,2715.0
421580,87661.0
421590,2982.0
421600,10462.0
421605,6489.0
421610,9343.0
421620,56726.0
421625,6467.0
421630,35336.0
421635,4827.0
421640,9278.0
421650,26982.0
421660,295658.0
421670,14538.0
421680,8706.0
421690,26056.0
421700,14444.0
421710,3520.0
421715,1777.0
421720,47724.0
421725,6175.0
421730,10799.0
421740,21710.0
421750,19399.0
421755,3370.0
421760,14156.0
421770,31722.0
421775,2900.0
421780,18909.0
421790,8144.0
421795,2535.0
421800,58695.0
421810,5503.0
421820,49768.0
421825,7521.0
421830,20525.0
421835,3920.0
421840,7633.0
421850,9531.0
421860,7599.0
421870,116725.0
421875,5081.0
421880,13604.0
421885,2791.0
421890,11064.0
421895,2751.0
421900,21464.0
421910,3726.0
421915,2613.0
421917,4597.0
421920,6266.0
421930,59074.0
421935,5507.0
421940,4513.0
421950,54891.0
421960,3583.0
421970,34485.0
421985,4257.0
422000,17697.0
430003,4251.0
430005,4003.0
430010,16341.0
430020,6843.0
430030,6219.0
430040,74285.0
430045,3705.0
430047,2007.0
430050,7235.0
430055,1837.0
430057,3145.0
430060,194062.0
430063,5384.0
430064,7826.0
430066,1156.0
430070,6080.0
430080,13332.0
430085,4215.0
430087,8831.0
430090,6618.0
430100,22523.0
430105,11418.0
430107,2650.0
430110,14934.0
430120,12291.0
430130,17879.0
430140,10547.0
430150,7303.0
430155,3458.0
430160,121928.0
430163,15413.0
430165,6496.0
430170,7320.0
430175,5972.0
430180,4915.0
430185,3231.0
430187,4340.0
430190,12473.0
430192,1721.0
430195,2557.0
430200,9425.0
430205,2118.0
430210,127977.0
430215,1968.0
430220,7129.0
430222,2269.0
430223,2314.0
430225,2815.0
430230,11429.0
430235,13665.0
430237,2132.0
430240,12587.0
430245,6202.0
430250,5978.0
430258,2195.0
430260,3322.0
430265,5083.0
430270,19421.0
430280,33501.0
430290,11300.0
430300,82222.0
430310,141503.0
430320,4692.0
430330,4795.0
430340,4931.0
430350,63961.0
430355,3060.0
430360,6490.0
430367,3311.0
430370,5999.0
430380,5388.0
430390,64719.0
430400,5063.0
430410,3695.0
430420,29775.0
430430,6419.0
430435,11012.0
430440,50715.0
430450,50968.0
430460,359840.0
430461,1686.0
430462,1769.0
430463,66234.0
430465,3187.0
430466,27416.0
430467,4080.0
430468,11424.0
430469,2994.0
430470,63670.0
430471,7555.0
430480,31585.0
430485,1384.0
430490,9698.0
430495,3064.0
430500,8834.0
430510,479599.0
430511,2777.0
430512,5910.0
430513,3859.0
430515,2428.0
430517,9333.0
430520,14014.0
430530,9751.0
430535,36110.0
430537,2800.0
430540,3991.0
430543,6409.0
430544,4682.0
430545,17583.0
430550,4208.0
430558,2474.0
430560,3316.0
430570,6538.0
430580,10631.0
430583,1308.0
430585,2248.0
430587,2896.0
430590,6214.0
430593,1637.0
430595,3926.0
430597,2718.0
430600,13116.0
430605,7455.0
430607,2745.0
430610,60454.0
430613,1650.0
430620,12574.0
430630,4400.0
430632,2793.0
430635,2540.0
430637,2856.0
430640,31804.0
430642,2132.0
430645,3156.0
430650,13280.0
430655,2617.0
430660,38080.0
430670,3133.0
430673,4534.0
430675,1924.0
430676,41012.0
430680,23520.0
430690,24275.0
430692,1315.0
430693,9367.0
430695,2727.0
430697,3122.0
430700,109609.0
430705,3097.0
430710,6302.0
430720,5027.0
430730,6892.0
430740,3264.0
430745,3293.0
430750,15478.0
430755,5685.0
430760,49499.0
430770,78144.0
430780,33263.0
430781,3115.0
430783,2683.0
430786,2620.0
430790,72552.0
430800,6846.0
430805,2572.0
430807,4405.0
430810,13994.0
430820,32015.0
430825,1690.0
430830,9710.0
430840,6527.0
430843,2441.0
430845,4569.0
430850,33726.0
430860,35563.0
430865,2724.0
430870,5779.0
430880,7743.0
430885,1784.0
430890,16955.0
430900,16273.0
430905,7851.0
430910,41705.0
430912,2047.0
430915,3350.0
430920,275430.0
430925,1441.0
430930,95946.0
430940,26168.0
430950,7547.0
430955,5535.0
430957,2604.0
430960,19252.0
430965,6102.0
430970,4772.0
430975,3787.0
430980,4617.0
430990,6827.0
430995,3789.0
431000,22106.0
431010,34776.0
431020,87848.0
431030,4245.0
431033,28027.0
431036,3149.0
431040,6557.0
431041,2047.0
431043,5490.0
431046,1748.0
431050,7619.0
431053,5712.0
431055,3038.0
431057,1963.0
431060,36811.0
431065,2696.0
431070,3240.0
431075,1962.0
431080,23566.0
431085,3847.0
431087,2066.0
431090,3398.0
431100,27396.0
431110,10771.0
431112,3751.0
431113,3412.0
431115,7294.0
431120,18545.0
431123,2283.0
431125,5421.0
431127,1781.0
431130,28622.0
431140,96879.0
431142,2661.0
431150,7290.0
431160,4845.0
431162,6420.0
431164,1721.0
431170,5867.0
431171,4485.0
431173,3203.0
431175,6915.0
431177,7593.0
431179,2521.0
431180,46748.0
431190,4382.0
431198,4005.0
431200,1884.0
431205,4050.0
431210,4782.0
431213,2611.0
431215,5001.0
431217,1833.0
431220,4251.0
431225,7661.0
431230,4501.0
431235,1530.0
431237,3251.0
431238,2608.0
431240,66352.0
431242,2815.0
431244,3133.0
431245,6168.0
431247,6167.0
431250,12347.0
431260,4692.0
431261,2937.0
431262,1754.0
431265,18335.0
431267,1982.0
431270,14074.0
431275,3229.0
431280,5098.0
431290,9867.0
431295,2089.0
431300,3104.0
431301,3138.0
431303,4976.0
431306,20558.0
431308,2389.0
431310,5676.0
431320,23934.0
431330,26637.0
431333,2198.0
431335,3545.0
431337,30189.0
431339,3633.0
431340,235802.0
431342,3239.0
431344,2187.0
431346,1677.0
431349,4375.0
431350,48999.0
431360,3685.0
431365,13189.0
431370,34227.0
431380,8042.0
431390,45102.0
431395,10443.0
431400,7362.0
431402,6627.0
431403,4441.0
431405,53569.0
431406,4024.0
431407,6155.0
431410,214811.0
431413,2188.0
431415,8146.0
431417,2099.0
431420,7631.0
431430,3817.0
431440,336150.0
431442,5473.0
431445,3039.0
431446,2300.0
431447,3861.0
431449,4638.0
431450,11395.0
431454,2785.0
431455,2255.0
431460,17770.0
431470,10624.0
431475,2224.0
431477,3345.0
431478,1602.0
431480,35273.0
431490,1388794.0
431500,4414.0
431505,2173.0
431507,1582.0
431510,10127.0
431513,1771.0
431514,3166.0
431515,5423.0
431517,2070.0
431520,3809.0
431530,23995.0
431531,1577.0
431532,2553.0
431535,4003.0
431540,9931.0
431545,1826.0
431550,15205.0
431555,2866.0
431560,198935.0
431570,35641.0
431575,4574.0
431580,10646.0
431590,6831.0
431595,2330.0
431600,21752.0
431610,9969.0
431620,5078.0
431630,6693.0
431640,37674.0
431642,2528.0
431643,2619.0
431645,10357.0
431647,2955.0
431650,7184.0
431660,16770.0
431670,8269.0
431673,1710.0
431675,7079.0
431680,138270.0
431690,282395.0
431695,6486.0
431697,2661.0
431700,7128.0
431710,87329.0
431720,79488.0
431725,1529.0
431730,31965.0
431740,50336.0
431750,79146.0
431755,2134.0
431760,44431.0
431770,10485.0
431775,2138.0
431780,14196.0
431790,15667.0
431795,2395.0
431800,61311.0
431805,2806.0
431810,17934.0
431820,22388.0
431830,60090.0
431840,21412.0
431842,4547.0
431843,2708.0
431844,2976.0
431845,2399.0
431846,1931.0
431848,4555.0
431849,2466.0
431850,26248.0
431860,6978.0
431861,2443.0
431862,4295.0
431870,225737.0
431880,43278.0
431890,35865.0
431900,21549.0
431910,5587.0
431912,2908.0
431915,7193.0
431920,5243.0
431930,5943.0
431935,3618.0
431936,1790.0
431937,3142.0
431940,15863.0
431950,24898.0
431960,21551.0
431970,3320.0
431971,2255.0
431973,2593.0
431975,2309.0
431980,8257.0
431990,77935.0
432000,136572.0
432010,23374.0
432020,12325.0
432023,2750.0
432026,6098.0
432030,5222.0
432032,2725.0
432035,5424.0
432040,17407.0
432045,2089.0
432050,5630.0
432055,5989.0
432057,1881.0
432060,3463.0
432065,2056.0
432067,8685.0
432070,14512.0
432080,30939.0
432085,4569.0
432090,25256.0
432100,10824.0
432110,14920.0
432120,54353.0
432130,25963.0
432132,3192.0
432135,5319.0
432140,14820.0
432143,10575.0
432145,34023.0
432146,3358.0
432147,5188.0
432149,2594.0
432150,43344.0
432160,56430.0
432162,2192.0
432163,2636.0
432166,11224.0
432170,24428.0
432180,25466.0
432183,2813.0
432185,4829.0
432190,26304.0
432195,7785.0
432200,28435.0
432210,5646.0
432215,3732.0
432218,1396.0
432220,20324.0
432225,5172.0
432230,8535.0
432232,3488.0
432234,2025.0
432235,1183.0
432237,2047.0
432240,120819.0
432250,66146.0
432252,3213.0
432253,10069.0
432254,6223.0
432255,2047.0
432260,70842.0
432270,27670.0
432280,24554.0
432285,1851.0
432290,4847.0
432300,231996.0
432310,4741.0
432320,2829.0
432330,3741.0
432335,2121.0
432340,4515.0
432345,3932.0
432350,2710.0
432360,1624.0
432370,2843.0
432375,3316.0
432377,3223.0
432380,16949.0
500020,17901.0
500025,4649.0
500060,41751.0
500070,24781.0
500080,7688.0
500085,11308.0
500090,9717.0
500100,29826.0
500110,48689.0
500124,11125.0
500150,8342.0
500190,24222.0
500200,10947.0
500210,21881.0
500215,8887.0
500220,25034.0
500230,11833.0
500240,32748.0
500260,13928.0
500270,962883.0
500280,5096.0
500290,21565.0
500295,34606.0
500310,4892.0
500315,14685.0
500320,98751.0
500325,28740.0
500330,33440.0
500345,14317.0
500348,11521.0
500350,5768.0
500370,264017.0
500375,11622.0
500380,21504.0
500390,3751.0
500400,10817.0
500410,10116.0
500430,13960.0
500440,8764.0
500450,25263.0
500460,20060.0
500470,30001.0
500480,8441.0
500490,7480.0
500500,24504.0
500510,3596.0
500515,7067.0
500520,22425.0
500525,7037.0
500540,48073.0
500560,26512.0
500568,20087.0
500570,53014.0
500580,13354.0
500600,23409.0
500620,50848.0
500625,4801.0
500627,5842.0
500630,42638.0
500635,13368.0
500640,6910.0
500660,98598.0
500690,12721.0
500710,24152.0
500720,40419.0
500730,4921.0
500740,20454.0
500750,5451.0
500755,7165.0
500769,32207.0
500770,11322.0
500780,8716.0
500790,49735.0
500793,14813.0
500795,11205.0
500797,3740.0
500800,18182.0
500830,143523.0
500840,6505.0
510010,4948.0
510020,32099.0
510025,62158.0
510030,17751.0
510035,5920.0
510040,13956.0
510050,7525.0
510060,11877.0
510080,8693.0
510100,4005.0
510120,997.0
510125,14805.0
510130,10769.0
510140,26558.0
510160,7137.0
510170,29406.0
510180,73878.0
510183,5877.0
510185,7912.0
510190,17645.0
510250,91767.0
510260,15808.0
510263,51722.0
510267,49053.0
510268,9946.0
510269,4451.0
510270,28324.0
510279,10260.0
510285,7392.0
510300,19458.0
510305,9301.0
510310,6495.0
510320,32054.0
510325,26026.0
510330,18469.0
510335,38460.0
510336,3908.0
510337,10030.0
510340,691875.0
510343,4970.0
510345,6675.0
510350,22623.0
510360,7890.0
510370,10523.0
510380,3056.0
510385,9397.0
510390,6319.0
510395,2878.0
510410,31209.0
510420,10252.0
510450,2172.0
510452,8658.0
510454,8257.0
510455,5201.0
510460,12587.0
510480,29803.0
510490,7413.0
510500,7881.0
510510,36089.0
510515,48396.0
510517,10057.0
510520,11622.0
510523,4662.0
510525,95792.0
510530,2616.0
510550,17592.0
510558,11355.0
510560,21959.0
510562,27637.0
510590,15796.0
510600,5890.0
510610,11658.0
510615,14340.0
510617,4575.0
510618,7072.0
510619,4502.0
510620,3791.0
510621,11734.0
510622,63455.0
510623,16204.0
510624,9760.0
510625,25915.0
510626,6368.0
510627,3267.0
510628,7239.0
510629,12079.0
510630,28870.0
510631,2041.0
510637,18946.0
510642,33754.0
510645,3328.0
510650,31203.0
510665,7441.0
510670,2098.0
510675,55762.0
510677,12649.0
510680,5705.0
510682,10088.0
510685,3141.0
510700,25103.0
510704,96006.0
510706,31100.0
510710,17721.0
510715,2020.0
510718,10541.0
510719,2733.0
510720,4440.0
510724,5795.0
510726,2416.0
510729,2716.0
510730,14455.0
510735,6234.0
510740,4250.0
510757,3518.0
510760,263708.0
510770,15041.0
510774,2904.0
510775,3657.0
510776,3536.0
510777,7737.0
510779,4244.0
510780,16839.0
510785,14604.0
510787,32514.0
510788,1941.0
510790,223780.0
510792,124665.0
510794,9895.0
510795,114603.0
510800,15638.0
510805,10591.0
510810,2935.0
510820,4238.0
510830,3904.0
510835,2892.0
510840,318922.0
510850,10758.0
510860,19686.0
510880,4546.0
510885,3731.0
510890,5705.0
510895,8470.0
520005,22052.0
520010,17738.0
520013,22079.0
520015,2282.0
520017,4979.0
520020,1843.0
520025,245352.0
520030,28244.0
520050,1977.0
520055,6487.0
520060,11182.0
520080,8619.0
520082,3267.0
520085,5260.0
520090,2906.0
520110,420300.0
520120,913.0
520130,18306.0
520140,556021.0
520145,3045.0
520150,4488.0
520160,3840.0
520170,18601.0
520180,12806.0
520215,7152.0
520235,2904.0
520250,8570.0
520260,3237.0
520280,2993.0
520310,3306.0
520320,10853.0
520330,37305.0
520340,7775.0
520350,24925.0
520355,11025.0
520357,3289.0
520360,4201.0
520380,5798.0
520390,10930.0
520393,2800.0
520396,3140.0
520400,7689.0
520410,11854.0
520420,1417.0
520425,7762.0
520430,14034.0
520440,16628.0
520450,106820.0
520455,4819.0
520460,3879.0
520465,3760.0
520470,12983.0
520480,7807.0
520485,8579.0
520490,18227.0
520495,3822.0
520500,9988.0
520505,2871.0
520510,122760.0
520520,5352.0
520530,9730.0
520540,22570.0
520545,8301.0
520547,14321.0
520549,101570.0
520551,27196.0
520552,4188.0
520570,2441.0
520580,10724.0
520590,9484.0
520620,66827.0
520630,3670.0
520640,17532.0
520650,3999.0
520660,2951.0
520670,3917.0
520680,2753.0
520690,1889.0
520710,1991.0
520725,6823.0
520735,4104.0
520740,11982.0
520750,3214.0
520753,7167.0
520760,5842.0
520780,10274.0
520790,14273.0
520800,121559.0
520810,4662.0
520815,3563.0
520830,4405.0
520840,14758.0
520850,4962.0
520860,78009.0
520870,1503256.0
520880,81495.0
520890,24172.0
520910,36984.0
520915,4313.0
520920,20985.0
520929,2170.0
520940,4091.0
520945,2154.0
520960,3342.0
520970,30587.0
520980,3477.0
520990,10289.0
520993,6076.0
520995,17985.0
521000,53884.0
521010,26223.0
521015,2968.0
521020,37283.0
521030,2515.0
521040,47603.0
521056,5120.0
521060,4837.0
521080,4276.0
521090,21891.0
521100,8133.0
521120,26553.0
521130,6124.0
521140,7636.0
521150,113322.0
521160,2731.0
521170,6365.0
521180,46633.0
521190,111634.0
521200,2939.0
521205,2112.0
521210,7247.0
521220,19926.0
521225,1435.0
521230,9123.0
521250,221262.0
521260,2631.0
521270,8493.0
521280,10806.0
521290,2942.0
521295,4004.0
521300,10145.0
521305,2626.0
521308,26616.0
521310,74999.0
521340,1687.0
521350,6534.0
521370,9024.0
521375,13094.0
521377,3743.0
521380,54326.0
521385,2505.0
521390,4626.0
521400,15199.0
521405,6202.0
521410,3540.0
521440,8349.0
521450,34273.0
521460,33890.0
521470,2380.0
521480,2132.0
521483,13153.0
521486,8356.0
521487,3084.0
521490,3022.0
521500,9883.0
521520,3567.0
521523,107663.0
521525,3703.0
521530,17035.0
521540,4109.0
521550,7665.0
521560,37207.0
521565,3113.0
521570,34375.0
521580,2266.0
521590,3959.0
521600,2432.0
521630,7356.0
521640,10727.0
521645,2999.0
521680,9519.0
521690,2254.0
521710,25373.0
521720,11940.0
521730,28028.0
521740,33736.0
521760,112304.0
521770,18763.0
521800,45512.0
521805,4276.0
521810,3191.0
521830,36291.0
521839,3750.0
521850,50329.0
521860,12665.0
521870,3893.0
521878,4033.0
521880,241494.0
521890,20186.0
521900,8085.0
521910,6306.0
521920,3004.0
521925,5047.0
521930,39601.0
521935,3543.0
521940,5765.0
521945,2611.0
521950,2828.0
521960,3172.0
521970,10837.0
521971,4279.0
521973,8066.0
521975,75221.0
521980,9457.0
521990,6507.0
522000,15026.0
522005,1812.0
522010,35288.0
522015,4939.0
522020,22040.0
522026,4671.0
522028,2200.0
522040,17181.0
522045,175042.0
522050,8237.0
522060,23150.0
522068,5634.0
522070,2978.0
522100,4180.0
522108,2660.0
522119,8340.0
522130,2976.0
522140,153560.0
522145,3080.0
522150,4449.0
522155,5171.0
522157,2798.0
522160,44533.0
522170,13857.0
522180,3700.0
522185,218416.0
522190,3770.0
522200,15644.0
522205,9175.0
522220,4145.0
522230,6028.0
530010,2996899.0
,0.0
,0.0
,0.0
,0.0
,0.0
,0.0
,0.0
,0.0
,0.0
,0.0
,0.0
,0.0
,0.0
,0.0
,0.0
,0.0
,0.0
,0.0
,0.0
,0.0
,0.0
,0.0
,0.0
,0.0
,0.0
,0.0
,0.0
,0.0
,0.0
,0.0
,0.0
